MatchID,PlayerName,Club,ShirtNumber,Nation,Position,AgeYrDays,MinutesPlayed,Goals,Assists,PenatiesScored,PenaltiesAttempted,ShotsTotal,ShotsOnTarget,YellowCards,RedCards,Touches,Pressure,Tackles,Interception,Blocks,PassesCmp,PassesAtempted,PassCmp%,PassDistance,Carries,CarriesDistance,DribblesSucc,DribblesAttempted,TotalDistOfPasses,TotalProgDist,ShortPassCmp,ShortPassAttempted,MediumPassCmp,MediumPassAttempted,LongPassCmp,LongPassAttempted,LivePass,DeadBall,Freekick,ThroughBalls,PassUnderPressure,Switches,Crosses,CornerKicks,CornerInswinging,CornersOutswinging,CornersStraight,LeftFoot,RightFoot,Head,ThrowIns,OtherBodyPart,NoOfPlayersTackled,TacklesWon,TacklesDef3rd,TacklesMid3rd,TacklesAtt3rd,PressuresAtt,PressuresSuccess,PressuresSucc%,TouchesDefPen,TouchesDef3rd,TouchesMid3rd,TouchesAtt3rd,TouchesAttPen,Touches,FoulsCommitted,FoulsDrawn,Offsides,PenaltiesWon,PenaltiesConcede,OwnGoals,AerialDuelsWon,AerialDuelsLost,AerialDuelsWin%
255,Roberto Firmino,Liverpool,9,br BRA,FW,28-346,90,0,0,0,0,2,0,1,0,49,26,2,0,1,30,35,85.7,128,31,107,1,1,397,128,18,20,5,7,2,2,34,1,0,0,13,0,2,0,0,0,0,4,26,3,0,2,2,1,0,1,1,26,6,23.1,0,5,22,27,9,48,1,0,0,0,0,0,0,3,0
255,Sadio Mané,Liverpool,10,sn SEN,LW,28-155,90,0,0,0,0,5,0,0,0,54,20,0,0,2,32,37,86.5,184,37,142,4,5,517,184,15,16,12,13,2,2,36,1,0,0,12,0,0,0,0,0,0,11,23,0,1,1,0,0,0,0,0,20,5,25,0,7,21,30,9,53,1,3,1,0,0,0,1,2,33.3
255,Mohamed Salah,Liverpool,11,eg EGY,RW,28-089,90,3,0,2,2,7,1,0,0,80,23,3,0,2,38,49,77.6,211,64,280,9,13,580,211,18,20,14,15,3,8,49,0,0,0,13,1,0,0,0,0,0,39,9,0,0,1,3,2,2,0,1,23,7,30.4,0,3,24,58,18,78,1,0,0,0,0,0,0,1,0
255,Georginio Wijnaldum,Liverpool,5,nl NED,CM,29-306,90,0,0,0,0,2,1,0,0,37,25,3,0,0,18,23,78.3,29,21,76,1,3,230,29,12,13,4,7,1,2,23,0,0,0,10,0,0,0,0,0,0,1,21,0,0,1,3,2,0,3,0,25,11,44,0,3,23,13,3,37,1,1,0,0,0,0,0,1,0
255,Naby Keïta,Liverpool,8,gn GUI,CM,25-215,57,0,0,0,0,1,0,0,0,45,24,1,3,2,25,30,83.3,151,26,109,3,4,390,151,10,13,14,15,1,1,27,3,0,0,9,0,1,0,0,0,0,0,26,3,0,0,1,1,1,0,0,24,11,45.8,1,7,22,19,6,42,1,0,0,0,0,0,1,0,100
255,Fabinho,Liverpool,3,br BRA,CM,26-325,33,0,0,0,0,0,0,0,0,18,7,1,0,0,12,14,85.7,65,8,13,0,0,190,65,5,5,6,6,0,2,14,0,0,0,4,0,0,0,0,0,0,1,12,1,0,0,1,0,1,0,0,7,2,28.6,2,4,7,7,1,18,1,1,0,1,0,0,1,0,100
255,Jordan Henderson,Liverpool,14,eng ENG,DM,30-087,65,0,0,0,0,1,1,0,0,43,16,2,0,1,29,39,74.4,192,24,72,1,1,565,192,12,13,13,15,4,10,38,1,1,0,11,3,0,0,0,0,0,5,32,2,0,0,2,1,0,1,1,16,5,31.3,0,8,29,9,0,42,0,0,0,0,0,0,0,0,
255,Curtis Jones,Liverpool,17,eng ENG,DM,19-226,25,0,0,0,0,0,0,0,0,23,8,0,0,2,15,21,71.4,59,17,51,0,0,185,59,10,11,4,6,0,0,21,0,0,0,8,0,0,0,0,0,0,4,13,3,0,0,0,0,0,0,0,8,4,50,0,3,5,17,1,23,1,0,0,0,0,0,1,1,50
255,Andrew Robertson,Liverpool,26,sco SCO,LB,26-185,90,0,1,0,0,0,0,0,0,69,9,0,1,0,39,60,65,416,30,90,0,2,743,416,13,16,22,26,4,14,44,16,1,0,13,0,3,5,1,0,4,42,5,2,10,0,0,0,0,0,0,9,4,44.4,1,16,24,32,2,53,0,0,1,0,0,0,2,0,100
255,Virgil van Dijk,Liverpool,4,nl NED,CB,29-066,90,1,0,0,0,2,1,0,0,42,1,0,0,2,25,33,75.8,209,19,82,0,0,594,209,6,7,14,16,5,9,33,0,0,0,6,0,0,0,0,0,0,5,25,2,0,0,0,0,0,0,0,1,1,100,3,16,25,2,2,42,0,0,0,0,0,0,5,0,100
255,Joe Gomez,Liverpool,12,eng ENG,CB,23-112,90,0,0,0,0,0,0,0,0,61,5,1,3,2,42,48,87.5,465,36,192,2,2,944,465,10,11,24,25,7,11,46,2,2,0,14,2,0,0,0,0,0,3,39,2,0,0,1,0,0,1,0,5,2,40,5,29,38,2,0,60,1,1,0,0,0,0,5,1,83.3
255,Trent Alexander-Arnold,Liverpool,66,eng ENG,RB,21-341,88,0,0,0,0,0,0,0,0,71,8,0,0,0,42,67,62.7,527,27,38,1,3,989,527,6,9,28,38,8,19,38,29,2,0,10,2,5,4,1,1,1,9,32,2,23,0,0,0,0,0,0,8,0,0,4,18,22,31,0,42,1,0,0,0,0,0,1,2,33.3
255,Joël Matip,Liverpool,32,cm CMR,CB,29-035,2,0,0,0,0,0,0,0,0,1,1,0,0,0,0,1,0,0,1,3,0,0,0,0,0,0,0,0,0,1,1,0,0,0,1,0,0,0,0,0,0,0,1,0,0,0,0,0,0,0,0,1,0,0,0,0,1,0,0,1,1,0,0,0,0,0,0,0,
255,Alisson,Liverpool,1,br BRA,GK,27-346,90,0,0,0,0,0,0,0,0,30,1,0,0,0,19,29,65.5,287,13,20,0,0,455,287,8,8,6,6,5,15,23,6,3,0,2,2,0,0,0,0,0,3,18,0,0,5,0,0,0,0,0,1,0,0,23,30,0,0,0,24,0,0,0,0,0,0,0,0,
255,Patrick Bamford,Leeds United,9,eng ENG,FW,27-007,61,1,0,0,0,2,1,0,0,17,11,0,0,1,7,10,70,0,7,32,0,0,102,0,4,7,3,3,0,0,6,4,0,0,0,0,0,0,0,0,0,3,5,1,0,1,0,0,0,0,0,11,4,36.4,3,3,8,7,2,13,1,1,1,0,0,0,0,2,0
255,Rodrigo,Leeds United,20,es ESP,FW,29-190,29,0,0,0,0,0,0,0,0,6,10,0,0,0,2,3,66.7,0,1,0,0,0,22,0,2,2,0,0,0,0,2,1,0,0,1,0,0,0,0,0,0,2,1,0,0,0,0,0,0,0,0,10,2,20,2,3,2,1,0,5,1,1,0,0,1,0,1,4,20
255,Jack Harrison,Leeds United,22,eng ENG,LM,23-297,90,1,0,0,0,1,1,0,0,41,23,2,0,3,18,24,75,75,26,154,3,3,328,75,10,12,6,10,2,2,24,0,0,0,6,1,2,0,0,0,0,17,4,2,0,0,2,1,2,0,0,23,9,39.1,3,14,14,15,2,41,0,1,3,0,0,0,2,0,100
255,Mateusz Klich,Leeds United,43,pl POL,CM,30-091,80,1,0,0,0,1,1,0,0,46,32,5,1,2,27,34,79.4,62,21,100,1,2,333,62,18,20,6,9,2,3,34,0,0,0,7,0,0,0,0,0,0,2,30,1,0,0,5,5,3,1,1,32,10,31.3,8,18,21,11,4,46,2,0,0,0,0,0,1,3,25
255,Jamie Shackleton,Leeds United,46,eng ENG,CM,20-340,10,0,0,0,0,0,0,0,0,6,2,1,0,0,3,3,100,0,2,1,1,1,35,0,2,2,1,1,0,0,3,0,0,0,2,0,0,0,0,0,0,0,3,0,0,0,1,0,1,0,0,2,0,0,1,2,2,2,0,6,0,0,0,0,0,0,0,0,
255,Pablo Hernández,Leeds United,19,es ESP,CM,35-154,61,0,0,0,0,0,0,0,0,42,16,3,0,0,21,38,55.3,148,22,62,0,1,377,148,10,17,9,15,2,4,35,3,1,0,6,1,1,0,0,0,0,4,30,2,2,0,3,1,2,0,1,16,3,18.8,0,8,24,13,1,39,0,1,0,0,0,0,0,1,0
255,Tyler Roberts,Leeds United,11,wal WAL,CM,21-244,29,0,0,0,0,0,0,0,0,13,6,1,0,2,3,10,30,16,5,19,0,0,43,16,1,3,2,5,0,1,10,0,0,0,4,1,1,0,0,0,0,1,7,1,0,0,1,0,1,0,0,6,0,0,1,5,5,3,0,13,0,0,0,0,0,0,1,0,100
255,Hélder Costa,Leeds United,17,pt POR,RM,26-244,90,0,1,0,0,0,0,0,0,32,22,2,1,3,11,15,73.3,67,20,168,2,3,141,67,7,8,3,3,0,3,15,0,0,0,3,0,2,0,0,0,0,13,2,0,0,0,2,1,2,0,0,22,7,31.8,2,11,14,11,2,32,0,1,1,0,0,0,0,3,0
255,Kalvin Phillips,Leeds United,23,eng ENG,DM,24-285,90,0,1,0,0,1,0,0,0,68,25,3,0,4,43,52,82.7,255,28,45,0,0,961,255,13,15,19,23,9,11,50,2,2,1,11,5,1,0,0,0,0,5,42,3,0,0,3,2,1,2,0,25,5,20,4,29,35,6,0,66,0,0,0,0,0,0,2,2,50
255,Stuart Dallas,Leeds United,15,nir NIR,LB,29-146,90,0,0,0,0,0,0,0,0,81,22,6,2,0,44,63,69.8,207,39,117,0,0,737,207,28,33,8,14,7,12,55,8,0,0,17,2,1,0,0,0,0,19,32,3,8,1,6,4,4,1,1,22,8,36.4,4,38,37,9,1,73,0,2,0,0,0,0,0,0,
255,Pascal Struijk,Leeds United,21,nl NED,CB,21-032,90,0,0,0,0,0,0,0,0,79,12,1,2,4,52,59,88.1,433,30,63,0,0,1291,433,12,14,26,27,14,18,55,4,4,0,5,2,0,0,0,0,0,45,10,4,0,0,1,1,0,1,0,12,5,41.7,28,66,15,0,0,75,0,0,0,0,0,0,1,0,100
255,Robin Koch,Leeds United,5,de GER,CB,24-057,90,0,0,0,0,1,0,0,0,73,12,3,1,5,46,57,80.7,269,41,148,0,0,864,269,11,12,30,32,4,12,56,1,1,0,6,0,0,0,0,0,0,6,45,3,0,1,3,2,2,1,0,12,4,33.3,19,59,14,2,1,72,1,1,0,0,1,0,3,2,60
255,Luke Ayling,Leeds United,2,eng ENG,RB,29-018,90,0,0,0,0,0,0,0,0,83,15,5,0,6,51,66,77.3,358,40,123,3,3,889,358,25,28,20,24,6,12,50,16,1,1,8,1,0,0,0,0,0,5,43,3,15,0,5,1,3,2,0,15,4,26.7,7,45,32,8,0,68,1,1,0,0,0,0,0,0,
255,Illan Meslier,Leeds United,1,fr FRA,GK,20-194,90,0,0,0,0,0,0,0,0,62,1,0,0,0,45,59,76.3,543,32,53,0,0,1170,543,8,8,22,22,15,29,46,13,1,0,10,1,0,0,0,0,0,44,3,0,0,10,0,0,0,0,0,1,0,0,59,62,0,0,0,49,0,0,0,0,0,0,0,0,
257,Patrick Bamford,Leeds United,9,eng ENG,FW,27-014,69,1,1,0,0,1,1,0,0,17,13,0,0,0,9,11,81.8,22,6,53,1,1,144,22,3,3,3,3,2,2,7,4,0,0,2,0,1,0,0,0,0,5,4,1,0,0,0,0,0,0,0,13,4,30.8,1,2,12,4,2,13,2,1,1,1,0,0,1,1,50
257,Ezgjan Alioski,Leeds United,10,mk MKD,"CM,FW",28-220,21,0,0,0,0,1,1,0,0,18,8,2,0,0,8,12,66.7,17,6,6,0,0,54,17,5,6,1,3,0,1,11,1,1,0,5,0,1,0,0,0,0,10,0,2,0,0,2,1,0,2,0,8,4,50,0,2,7,11,3,17,1,1,0,0,0,0,0,1,0
257,Jack Harrison,Leeds United,22,eng ENG,LM,23-304,90,0,0,0,0,2,0,0,0,34,17,1,1,0,20,26,76.9,126,25,103,0,0,312,126,10,13,7,9,1,1,25,1,1,0,5,1,0,0,0,0,0,15,9,1,0,1,1,1,1,0,0,17,5,29.4,2,11,13,13,1,32,1,2,0,0,0,0,0,3,0
257,Mateusz Klich,Leeds United,43,pl POL,CM,30-098,90,1,1,1,1,0,0,1,0,66,31,3,1,0,40,58,69,163,33,107,0,1,487,163,23,26,11,14,1,7,58,0,0,1,20,0,1,0,0,0,0,3,50,3,0,0,3,3,0,2,1,31,14,45.2,0,11,36,23,2,65,3,0,1,0,0,0,2,0,100
257,Rodrigo,Leeds United,20,es ESP,CM,29-197,45,0,0,0,0,0,0,0,0,22,8,0,0,1,12,19,63.2,9,13,15,1,1,138,9,9,11,3,6,0,0,19,0,0,0,8,0,2,0,0,0,0,15,3,0,0,0,0,0,0,0,0,8,1,12.5,0,6,9,7,2,22,0,0,0,0,0,0,1,0,100
257,Tyler Roberts,Leeds United,11,wal WAL,"CM,FW",21-251,45,0,0,0,0,1,1,0,0,24,16,1,0,0,13,15,86.7,26,12,19,1,1,165,26,7,8,5,5,0,0,15,0,0,1,6,0,0,0,0,0,0,0,13,0,0,1,1,1,0,1,0,16,2,12.5,0,2,14,10,1,24,2,4,0,0,0,0,1,3,25
257,Hélder Costa,Leeds United,17,pt POR,RM,26-251,90,2,0,0,0,2,2,0,0,54,21,3,0,1,25,36,69.4,71,35,141,1,4,310,71,18,20,5,9,1,2,35,1,0,0,7,0,1,0,0,0,0,30,3,2,1,0,3,0,2,0,1,21,7,33.3,0,13,25,20,5,53,1,2,1,0,0,0,0,0,
257,Kalvin Phillips,Leeds United,23,eng ENG,DM,24-292,90,0,0,0,0,0,0,0,0,66,27,8,0,3,32,50,64,220,29,49,0,0,656,220,9,10,17,19,5,17,39,11,6,0,9,4,4,5,0,4,0,7,42,1,0,0,8,7,2,3,3,27,14,51.9,5,24,27,16,0,57,0,2,0,0,0,0,0,0,
257,Stuart Dallas,Leeds United,15,nir NIR,LB,29-153,90,0,0,0,0,0,0,0,0,68,17,4,1,3,36,58,62.1,177,40,203,2,2,614,177,18,23,13,23,4,8,46,12,1,0,15,0,1,0,0,0,0,18,25,4,11,0,4,3,3,1,0,17,6,35.3,3,34,30,9,2,57,0,2,0,0,0,0,1,0,100
257,Liam Cooper,Leeds United,6,sco SCO,CB,29-020,90,0,0,0,0,0,0,0,0,47,7,0,0,1,34,41,82.9,285,23,55,0,0,778,285,7,8,22,22,5,11,39,2,2,0,8,2,0,0,0,0,0,33,4,3,0,0,0,0,0,0,0,7,3,42.9,4,33,14,1,0,45,1,2,0,0,0,0,2,2,50
257,Robin Koch,Leeds United,5,de GER,CB,24-064,90,0,0,0,0,2,1,0,0,56,14,2,0,2,38,49,77.6,211,24,111,0,0,810,211,8,12,23,24,6,10,49,0,0,1,15,0,0,0,0,0,0,8,30,5,0,0,2,2,2,0,0,14,4,28.6,17,41,13,4,2,56,2,1,0,0,1,0,8,4,66.7
257,Luke Ayling,Leeds United,2,eng ENG,RB,29-025,90,0,0,0,0,0,0,0,0,83,16,3,0,1,55,74,74.3,633,36,97,1,1,1079,633,24,27,19,28,11,14,52,22,3,0,7,2,2,0,0,0,0,3,47,4,19,1,3,1,2,1,0,16,5,31.3,2,37,36,14,0,61,0,0,0,0,0,0,1,0,100
257,Illan Meslier,Leeds United,1,fr FRA,GK,20-201,90,0,0,0,0,0,0,0,0,40,0,0,0,0,34,39,87.2,605,21,27,0,0,1035,605,6,6,12,12,16,21,29,10,1,1,9,0,0,0,0,0,0,32,2,0,0,4,0,0,0,0,0,0,0,,38,40,0,0,0,30,0,0,0,0,0,0,0,0,
257,Aleksandar Mitrović,Fulham,9,rs SRB,FW,26-003,90,2,0,1,1,5,3,1,0,53,17,0,0,2,23,33,69.7,34,31,63,1,2,312,34,16,21,5,9,1,2,29,4,0,0,9,0,0,0,0,0,0,3,25,2,0,0,0,0,0,0,0,17,6,35.3,2,5,24,25,7,48,3,2,0,0,0,0,5,6,45.5
257,Ivan Cavaleiro,Fulham,17,pt POR,LW,26-337,90,0,0,0,0,0,0,0,0,53,25,3,0,5,27,38,71.1,89,36,200,2,3,404,89,14,19,8,9,2,4,35,3,1,0,10,0,3,1,0,1,0,3,33,1,1,0,3,3,2,1,0,25,7,28,0,9,26,25,1,50,1,0,0,0,0,0,0,2,0
257,Aboubakar Kamara,Fulham,47,fr FRA,RW,25-196,57,0,0,0,0,0,0,0,0,25,13,0,1,1,13,20,65,30,20,53,0,0,148,30,12,16,1,2,0,2,20,0,0,0,8,2,2,0,0,0,0,6,14,0,0,0,0,0,0,0,0,13,2,15.4,0,3,10,12,1,25,0,0,0,0,0,0,0,1,0
257,Neeskens Kebano,Fulham,7,cd COD,RW,28-193,33,0,0,0,0,1,0,0,0,17,13,0,0,3,5,8,62.5,18,11,78,1,2,72,18,4,4,0,1,1,1,8,0,0,0,1,0,1,0,0,0,0,3,4,1,0,0,0,0,0,0,0,13,6,46.2,1,4,4,11,1,17,2,0,0,0,0,0,0,1,0
257,Josh Onomah,Fulham,25,eng ENG,AM,23-145,57,0,0,0,0,0,0,0,0,27,9,1,0,0,20,23,87,44,21,68,0,0,281,44,10,12,8,8,0,1,22,1,0,0,6,0,0,0,0,0,0,4,18,0,0,0,1,1,0,1,0,9,4,44.4,0,3,15,13,2,26,1,0,0,0,0,0,1,1,50
257,Bobby Reid,Fulham,14,jm JAM,AM,27-230,33,1,0,0,0,1,1,0,0,12,6,0,0,0,7,9,77.8,45,14,43,2,3,92,45,3,4,1,2,1,1,9,0,0,0,2,0,0,0,0,0,0,4,5,0,0,0,0,0,0,0,0,6,2,33.3,1,2,5,7,2,12,0,0,0,0,0,0,0,2,0
257,Harrison Reed,Fulham,21,eng ENG,DM,25-236,69,0,0,0,0,2,1,0,0,58,9,0,2,3,44,47,93.6,140,38,142,1,1,763,140,14,15,22,23,5,6,47,0,0,0,7,0,0,0,0,0,0,7,40,0,0,0,0,0,0,0,0,9,2,22.2,2,15,39,11,0,58,0,2,0,0,0,0,0,2,0
257,Mario Lemina,Fulham,18,ga GAB,DM,27-018,21,0,0,0,0,0,0,0,0,11,9,1,0,0,5,7,71.4,30,5,45,0,1,145,30,2,3,1,2,2,2,7,0,0,0,4,2,0,0,0,0,0,2,4,0,0,0,1,1,1,0,0,9,2,22.2,0,4,7,1,0,11,1,1,0,0,0,0,1,0,100
257,Andre-Frank Zambo Anguissa,Fulham,29,cm CMR,DM,24-308,90,0,1,0,0,1,0,0,0,70,23,6,6,5,39,49,79.6,134,56,230,6,7,525,134,21,24,15,18,0,4,47,2,0,1,10,0,1,0,0,0,0,5,40,1,2,0,6,6,1,4,1,23,11,47.8,3,19,46,15,0,69,2,1,0,0,0,0,1,0,100
257,Joe Bryan,Fulham,23,eng ENG,LB,27-002,90,0,0,0,0,1,0,0,0,62,18,7,3,3,29,43,67.4,149,29,135,1,1,431,149,16,18,10,13,2,10,32,11,4,0,4,3,0,2,0,2,0,31,4,3,5,0,7,4,2,4,1,18,9,50,4,26,26,13,2,53,2,3,0,1,1,0,0,0,
257,Denis Odoi,Fulham,4,be BEL,CB,32-115,90,0,0,0,0,1,0,0,0,63,6,1,0,3,46,56,82.1,270,45,397,0,0,973,270,13,13,23,25,9,16,53,3,3,0,8,0,0,0,0,0,0,6,45,4,0,0,1,0,1,0,0,6,0,0,6,40,29,4,0,62,2,2,0,0,0,0,2,1,66.7
257,Michael Hector,Fulham,3,jm JAM,CB,28-062,90,0,0,0,0,1,0,0,0,64,3,1,0,1,46,60,76.7,563,47,248,2,2,1202,563,10,13,20,21,15,25,54,6,5,0,5,1,0,0,0,0,0,6,49,3,1,1,1,1,1,0,0,3,2,66.7,10,40,26,4,1,59,0,1,0,0,0,0,1,1,50
257,Kenny Tete,Fulham,2,nl NED,RB,24-346,90,0,1,0,0,0,0,1,0,54,13,4,0,3,34,43,79.1,366,28,43,0,0,570,366,19,22,12,15,3,4,36,7,0,0,10,0,4,0,0,0,0,4,27,4,7,0,4,2,2,1,1,13,4,30.8,4,17,22,16,1,47,3,0,0,0,0,0,3,0,100
257,Alphonse Areola,Fulham,1,fr FRA,GK,27-205,90,0,0,0,0,0,0,0,0,40,0,0,0,0,31,36,86.1,529,25,79,0,0,795,529,7,7,16,16,8,13,32,4,1,0,5,0,0,0,0,0,0,5,25,0,0,6,0,0,0,0,0,0,0,,32,40,0,0,0,36,0,0,0,0,0,0,0,0,
258,Oliver Burke,Sheffield Utd,14,sco SCO,FW,23-173,73,0,0,0,0,2,0,0,0,27,20,3,1,0,13,19,68.4,16,16,114,0,0,191,16,6,8,4,5,1,1,18,1,0,0,6,0,2,0,0,0,0,0,19,0,0,0,3,2,0,2,1,20,9,45,0,1,14,14,5,26,1,0,0,0,0,0,0,2,0
258,Billy Sharp,Sheffield Utd,10,eng ENG,FW,34-235,17,0,0,0,0,1,0,0,0,9,4,0,0,0,3,4,75,0,7,30,0,1,48,0,2,3,1,1,0,0,3,1,0,0,1,0,0,0,0,0,0,0,3,0,0,0,0,0,0,0,0,4,1,25,0,1,4,4,2,8,1,1,0,0,0,0,1,2,33.3
258,David McGoldrick,Sheffield Utd,17,ie IRL,FW,32-303,73,0,0,0,0,1,0,0,0,30,11,1,0,1,11,16,68.8,60,17,39,1,2,167,60,7,9,3,5,1,1,16,0,0,0,7,0,0,0,0,0,0,3,11,0,0,0,1,1,0,1,0,11,4,36.4,1,2,11,18,3,30,3,1,1,0,0,0,3,7,30
258,Oliver McBurnie,Sheffield Utd,9,sco SCO,FW,24-115,17,0,0,0,0,0,0,0,0,10,7,0,0,0,8,9,88.9,14,6,35,0,0,86,14,6,6,2,3,0,0,9,0,0,0,6,0,0,0,0,0,0,0,6,0,0,0,0,0,0,0,0,7,2,28.6,1,1,6,3,2,10,1,0,0,0,0,0,3,1,75
258,Ben Osborn,Sheffield Utd,23,eng ENG,CM,26-053,90,0,0,0,0,1,0,0,0,50,28,2,0,3,29,37,78.4,310,30,106,0,0,521,310,16,16,8,10,5,9,34,3,0,0,5,2,3,3,3,0,0,27,9,1,0,0,2,2,1,0,1,28,5,17.9,0,11,24,20,4,47,3,2,0,0,0,0,0,3,0
258,John Lundstram,Sheffield Utd,7,eng ENG,CM,26-222,63,0,0,0,0,3,1,1,0,35,10,1,1,1,25,29,86.2,218,21,40,1,1,474,218,8,9,7,8,6,6,26,3,1,0,6,0,0,1,1,0,0,8,19,0,1,0,1,0,0,0,1,10,1,10,0,4,16,16,4,32,1,0,0,0,0,0,1,0,100
258,Oliver Norwood,Sheffield Utd,16,nir NIR,CM,29-168,27,0,0,0,0,0,0,0,0,16,10,0,0,2,9,13,69.2,18,6,7,0,0,142,18,4,4,5,5,0,4,12,1,0,0,4,1,0,1,1,0,0,1,10,1,0,0,0,0,0,0,0,10,1,10,1,5,10,1,0,15,0,0,0,0,0,0,1,1,50
258,Sander Berge,Sheffield Utd,8,no NOR,DM,22-226,90,0,0,0,0,0,0,0,0,45,21,2,1,3,26,40,65,104,29,285,1,1,482,104,12,16,9,13,4,6,38,2,1,0,15,1,2,0,0,0,0,1,32,4,1,0,2,2,0,2,0,21,7,33.3,0,7,36,12,1,43,1,0,0,0,0,0,2,4,33.3
258,Enda Stevens,Sheffield Utd,3,ie IRL,WB,30-080,90,0,0,0,0,1,1,0,0,51,23,8,1,1,26,34,76.5,176,28,71,1,3,389,176,15,17,9,13,1,2,33,1,0,0,11,0,0,0,0,0,0,30,0,0,1,0,8,4,6,2,0,23,10,43.5,5,19,23,11,1,50,2,0,0,0,0,0,4,0,100
258,George Baldock,Sheffield Utd,2,eng ENG,WB,27-202,90,0,0,0,0,2,1,1,0,51,18,0,0,4,30,38,78.9,254,24,111,2,3,452,254,20,21,6,10,2,3,26,12,0,0,9,1,1,0,0,0,0,2,19,3,12,0,0,0,0,0,0,18,2,11.1,0,8,22,24,3,39,2,0,0,0,0,0,2,3,40
258,Jack Robinson,Sheffield Utd,19,eng ENG,CB,27-026,90,0,0,0,0,2,0,0,0,46,10,3,2,2,25,28,89.3,217,18,15,1,1,478,217,13,14,6,6,6,7,25,3,1,0,5,0,0,0,0,0,0,19,4,2,2,0,3,2,1,2,0,10,3,30,5,26,19,3,3,43,2,0,0,0,0,0,3,0,100
258,Ethan Ampadu,Sheffield Utd,22,wal WAL,CB,20-013,90,0,0,0,0,0,0,0,0,49,10,0,0,1,24,37,64.9,175,26,142,0,0,602,175,4,6,11,13,8,15,36,1,0,0,8,0,0,0,0,0,0,4,27,3,1,1,0,0,0,0,0,10,3,30,12,29,21,2,1,48,0,0,0,0,0,0,2,0,100
258,Chris Basham,Sheffield Utd,6,eng ENG,CB,32-069,90,0,0,0,0,0,0,0,0,41,14,3,1,2,23,30,76.7,122,21,163,1,1,342,122,11,12,10,11,0,2,30,0,0,1,7,0,2,0,0,0,0,3,22,4,0,0,3,1,1,1,1,14,3,21.4,7,17,19,10,3,41,1,0,1,0,0,0,1,3,25
258,Aaron Ramsdale,Sheffield Utd,1,eng ENG,GK,22-136,90,0,0,0,0,0,0,0,0,44,1,0,0,0,16,36,44.4,487,14,43,0,0,559,487,5,5,4,4,7,27,21,15,2,0,1,1,0,0,0,0,0,0,26,0,0,6,0,0,0,0,0,1,0,0,41,44,0,0,0,29,0,0,0,0,0,0,0,0,
258,Tyler Roberts,Leeds United,11,wal WAL,FW,21-259,45,0,0,0,0,0,0,0,0,21,8,0,0,2,13,18,72.2,26,12,18,0,0,174,26,8,10,3,4,1,1,18,0,0,0,2,0,0,0,0,0,0,0,17,1,0,0,0,0,0,0,0,8,2,25,0,2,9,10,2,21,0,0,0,0,0,0,0,1,0
258,Rodrigo,Leeds United,20,es ESP,FW,29-205,44,0,0,0,0,3,1,0,0,39,6,0,0,2,24,30,80,61,25,63,0,0,391,61,12,13,8,9,3,4,30,0,0,0,17,1,1,0,0,0,0,24,2,3,0,0,0,0,0,0,0,6,3,50,1,7,14,19,5,39,1,0,0,0,0,0,1,1,50
258,Ezgjan Alioski,Leeds United,10,mk MKD,FW,28-228,1,0,0,0,0,0,0,0,0,4,3,0,0,1,3,3,100,37,0,0,0,0,70,37,1,1,1,1,1,1,3,0,0,0,0,0,0,0,0,0,0,2,1,0,0,0,0,0,0,0,0,3,1,33.3,0,1,2,1,0,4,0,0,0,0,0,0,0,0,
258,Patrick Bamford,Leeds United,9,eng ENG,FW,27-022,90,1,0,0,0,4,2,0,0,28,17,0,1,2,11,15,73.3,54,16,28,0,2,119,54,4,5,3,5,0,0,12,3,0,0,3,0,0,2,0,0,0,9,4,0,0,1,0,0,0,0,0,17,5,29.4,0,1,12,15,6,25,0,0,1,0,0,0,2,5,28.6
258,Stuart Dallas,Leeds United,15,nir NIR,CM,29-161,90,0,0,0,0,3,2,0,0,82,13,2,0,4,53,64,82.8,281,58,226,0,0,977,281,20,21,27,30,6,12,57,7,0,0,8,1,4,0,0,0,0,12,42,1,7,0,2,2,1,1,0,13,6,46.2,2,19,46,23,2,75,0,4,0,0,0,0,2,3,40
258,Mateusz Klich,Leeds United,43,pl POL,CM,30-106,90,0,0,0,0,2,1,0,0,59,22,2,2,0,38,49,77.6,181,35,144,0,1,547,181,29,34,6,7,2,6,45,4,2,1,7,1,2,0,0,0,0,3,40,3,2,0,2,2,0,2,0,22,7,31.8,2,2,25,36,1,55,0,0,0,0,0,0,2,2,50
258,Kalvin Phillips,Leeds United,23,eng ENG,DM,24-300,90,0,0,0,0,0,0,1,0,70,16,3,0,3,52,65,80,281,39,62,1,1,1271,281,15,17,19,21,17,24,59,6,3,0,8,5,3,3,2,1,0,5,56,3,0,0,3,3,2,0,1,16,11,68.8,1,17,38,19,0,65,1,2,0,0,0,0,1,3,25
258,Jack Harrison,Leeds United,22,eng ENG,WB,23-312,90,0,1,0,0,0,0,0,0,72,20,3,1,1,45,59,76.3,165,52,220,3,3,858,165,24,30,14,18,6,9,53,6,0,0,12,3,5,2,2,0,0,34,16,3,4,0,3,2,2,1,0,20,6,30,1,12,28,36,4,66,0,0,0,0,0,0,2,1,66.7
258,Hélder Costa,Leeds United,17,pt POR,WB,26-259,65,0,0,0,0,1,1,0,0,29,13,1,0,0,15,19,78.9,20,20,138,0,1,179,20,10,13,4,5,0,0,18,1,0,0,3,0,0,0,0,0,0,15,3,0,1,0,1,1,1,0,0,13,3,23.1,1,8,12,12,3,28,2,2,0,0,0,0,0,1,0
258,Ian Carlo Poveda,Leeds United,7,eng ENG,WB,20-231,25,0,0,0,0,2,1,0,0,11,2,0,0,0,3,6,50,18,9,100,0,0,36,18,2,4,1,1,0,0,6,0,0,0,3,0,0,0,0,0,0,5,1,0,0,0,0,0,0,0,0,2,1,50,0,0,2,11,3,11,0,0,0,0,0,0,0,1,0
258,Liam Cooper,Leeds United,6,sco SCO,CB,29-028,90,0,0,0,0,1,0,0,0,96,11,1,1,3,72,86,83.7,498,57,131,0,0,1625,498,16,17,43,46,13,23,79,7,7,0,12,5,0,0,0,0,0,69,10,1,0,0,1,1,1,0,0,11,4,36.4,12,60,40,2,1,90,0,2,0,0,0,0,7,3,70
258,Robin Koch,Leeds United,5,de GER,CB,24-072,90,0,0,0,0,0,0,0,0,85,9,1,0,1,68,78,87.2,406,56,121,0,0,1615,406,8,11,45,48,14,17,76,2,2,0,12,2,0,0,0,0,0,7,60,3,0,2,1,1,1,0,0,9,3,33.3,16,57,29,0,0,83,1,1,0,0,0,0,7,0,100
258,Luke Ayling,Leeds United,2,eng ENG,CB,29-033,90,0,0,0,0,2,1,0,0,108,8,1,0,2,76,95,80,820,75,412,3,3,1572,820,24,27,38,43,12,21,80,15,1,1,12,3,0,0,0,0,0,5,70,4,14,0,1,1,1,0,0,8,4,50,6,45,58,21,1,93,0,3,0,0,0,0,2,2,50
258,Illan Meslier,Leeds United,1,fr FRA,GK,20-209,90,0,0,0,0,0,0,0,0,44,0,0,0,0,38,41,92.7,329,21,66,0,0,867,329,11,11,19,19,7,10,30,11,5,0,4,0,0,0,0,0,0,25,5,0,0,11,0,0,0,0,0,0,0,,36,44,0,0,0,33,0,1,0,0,0,0,0,0,
259,Patrick Bamford,Leeds United,9,eng ENG,FW,27-028,90,0,0,0,0,4,2,1,0,22,11,0,1,0,8,11,72.7,18,11,64,1,2,114,18,6,9,1,1,1,1,9,2,0,0,0,0,0,0,0,0,0,9,1,0,0,1,0,0,0,0,0,11,2,18.2,4,5,7,10,6,20,2,0,0,0,0,0,0,2,0
259,Ezgjan Alioski,Leeds United,10,mk MKD,LM,28-234,45,0,0,0,0,1,0,0,0,24,10,0,0,1,15,21,71.4,45,14,67,1,1,251,45,10,10,4,8,1,1,20,1,0,0,4,1,0,0,0,0,0,15,0,2,1,0,0,0,0,0,0,10,2,20,0,6,16,4,1,23,0,0,0,0,0,0,3,0,100
259,Ian Carlo Poveda,Leeds United,7,eng ENG,"LM,RM",20-237,45,0,0,0,0,0,0,0,0,18,14,2,0,1,12,14,85.7,111,14,133,2,2,184,111,5,5,5,6,1,2,13,1,0,0,1,0,1,0,0,0,0,10,2,1,1,0,2,1,2,0,0,14,4,28.6,0,6,12,4,0,17,1,2,0,0,0,0,0,0,
259,Mateusz Klich,Leeds United,43,pl POL,CM,30-112,76,0,0,0,0,0,0,0,0,40,21,2,0,1,29,30,96.7,160,29,89,1,3,485,160,17,17,10,10,2,3,30,0,0,0,0,0,2,0,0,0,0,1,27,2,0,0,2,2,0,2,0,21,5,23.8,1,8,19,15,3,40,1,0,0,0,0,0,0,0,
259,Leif Davis,Leeds United,24,eng ENG,"LB,CM",20-265,14,0,0,0,0,0,0,0,0,8,10,0,0,2,5,6,83.3,52,4,9,0,0,96,52,1,1,4,5,0,0,6,0,0,0,1,0,0,0,0,0,0,5,0,1,0,0,0,0,0,0,0,10,0,0,1,5,2,2,0,8,1,0,0,0,0,0,0,0,
259,Tyler Roberts,Leeds United,11,wal WAL,CM,21-265,55,0,0,0,0,0,0,0,0,16,14,0,0,0,9,12,75,46,12,18,0,0,158,46,5,7,3,3,1,2,12,0,0,0,0,0,0,0,0,0,0,0,9,2,0,1,0,0,0,0,0,14,3,21.4,0,1,7,9,0,16,1,1,1,0,0,0,0,1,0
259,Rodrigo,Leeds United,20,es ESP,CM,29-211,35,1,0,0,0,3,2,0,0,24,5,0,0,0,14,17,82.4,116,23,125,2,3,304,116,5,5,6,8,3,4,17,0,0,0,2,1,2,0,0,0,0,14,3,0,0,0,0,0,0,0,0,5,1,20,1,5,10,10,5,24,0,0,0,0,0,0,0,2,0
259,Hélder Costa,Leeds United,17,pt POR,"RM,LM",26-265,90,0,0,0,0,1,0,0,0,39,26,2,0,1,23,28,82.1,92,29,100,1,2,311,92,15,15,6,8,1,1,28,0,0,0,2,0,0,0,0,0,0,20,7,1,0,0,2,2,1,0,1,26,8,30.8,3,12,17,13,4,39,2,1,0,0,0,0,0,3,0
259,Kalvin Phillips,Leeds United,23,eng ENG,DM,24-306,90,0,0,0,0,1,1,0,0,61,25,4,1,6,34,45,75.6,208,38,42,2,4,628,208,11,11,19,21,4,11,36,9,2,0,2,2,1,7,3,2,0,3,42,0,0,0,4,2,3,1,0,25,6,24,4,26,28,11,0,52,0,1,0,0,0,0,0,3,0
259,Stuart Dallas,Leeds United,15,nir NIR,"LB,CM",29-167,90,0,0,0,0,1,1,1,0,70,21,8,1,5,42,56,75,349,41,153,0,0,798,349,20,23,18,25,4,8,51,5,1,0,3,0,1,0,0,0,0,14,33,5,4,0,8,5,3,5,0,21,8,38.1,4,27,32,15,1,65,1,1,0,0,0,0,0,2,0
259,Liam Cooper,Leeds United,6,sco SCO,CB,29-034,90,0,0,0,0,0,0,0,0,73,15,6,0,3,52,58,89.7,275,50,99,0,0,1191,275,14,15,28,28,10,14,55,3,3,0,1,4,0,0,0,0,0,49,6,3,0,0,6,3,6,0,0,15,7,46.7,10,57,16,2,0,70,0,3,1,0,0,0,1,1,50
259,Robin Koch,Leeds United,5,de GER,CB,24-078,90,0,0,0,0,0,0,0,0,68,21,2,0,2,54,63,85.7,284,44,206,0,0,1095,284,11,12,36,36,7,15,58,5,4,0,0,1,0,0,0,0,0,3,57,2,1,0,2,1,2,0,0,21,5,23.8,19,49,21,1,0,63,1,0,0,0,0,0,0,2,0
259,Luke Ayling,Leeds United,2,eng ENG,RB,29-039,90,0,0,0,0,1,1,0,0,61,28,6,1,2,34,47,72.3,241,27,81,3,3,593,241,15,19,14,19,5,8,34,13,3,0,3,0,3,0,0,0,0,7,25,5,10,0,6,5,3,3,0,28,11,39.3,9,25,27,11,4,49,1,3,0,0,0,0,1,1,50
259,Illan Meslier,Leeds United,1,fr FRA,GK,20-215,90,0,0,0,0,0,0,0,0,58,0,0,0,0,44,57,77.2,613,34,94,0,0,1180,613,10,10,20,21,14,26,41,16,2,0,2,1,0,0,0,0,0,43,7,0,0,7,0,0,0,0,0,0,0,,52,58,0,0,0,43,0,0,0,0,0,0,0,0,
259,Riyad Mahrez,Manchester City,26,dz ALG,"FW,RW",29-225,76,0,0,0,0,2,0,0,0,51,6,1,0,0,33,39,84.6,180,31,84,3,5,546,180,19,21,9,9,4,8,32,7,0,1,12,2,0,4,4,0,0,36,1,1,1,0,1,1,1,0,0,6,1,16.7,0,5,19,29,2,44,2,1,0,0,0,0,0,0,
259,Fernandinho,Manchester City,25,br BRA,"CM,RW",35-152,14,0,0,0,0,1,0,0,0,11,1,1,0,0,7,9,77.8,19,8,40,1,1,111,19,4,5,3,3,0,0,9,0,0,0,3,0,0,0,0,0,0,0,6,1,0,1,1,1,0,1,0,1,1,100,0,0,10,2,0,11,0,1,0,0,0,0,1,0,100
259,Raheem Sterling,Manchester City,7,eng ENG,"LW,FW",25-300,90,1,0,0,0,5,1,0,0,44,11,0,0,1,23,28,82.1,100,45,209,6,10,327,100,14,16,8,11,1,1,25,3,0,0,9,0,0,0,0,0,0,3,22,0,3,0,0,0,0,0,0,11,2,18.2,0,3,11,32,13,41,3,1,2,0,0,0,1,0,100
259,Ferrán Torres,Manchester City,21,es ESP,RW,20-217,64,0,1,0,0,2,0,0,0,31,5,0,0,0,17,23,73.9,87,28,75,1,4,288,87,5,6,11,14,1,2,23,0,0,1,5,0,2,0,0,0,0,1,21,0,0,0,0,0,0,0,0,5,3,60,0,3,13,18,3,31,1,1,0,0,0,0,1,0,100
259,Bernardo Silva,Manchester City,20,pt POR,"RW,CM",26-054,26,0,0,0,0,2,0,0,0,20,5,0,0,0,14,17,82.4,93,18,104,2,2,293,93,5,7,5,5,3,3,16,1,0,0,7,0,0,1,1,0,0,17,0,0,0,0,0,0,0,0,0,5,3,60,0,1,11,11,2,19,0,2,0,0,0,0,0,0,
259,Phil Foden,Manchester City,47,eng ENG,"CM,LW",20-128,90,0,0,0,0,3,0,0,0,52,10,1,0,1,27,37,73,112,45,216,7,12,447,112,14,16,11,15,2,4,37,0,0,0,11,1,3,0,0,0,0,35,1,0,0,0,1,0,1,0,0,10,3,30,0,5,21,30,10,52,0,0,0,0,0,0,1,1,50
259,Kevin De Bruyne,Manchester City,17,be BEL,"CM,AM",29-097,90,0,0,0,0,5,0,0,0,66,13,5,0,1,39,50,78,440,37,209,1,3,946,440,12,13,18,21,9,14,39,11,5,1,14,3,3,5,5,0,0,8,39,2,1,0,5,5,1,2,2,13,5,38.5,2,8,30,35,5,54,2,0,1,0,0,0,0,0,
259,Rodri,Manchester City,16,es ESP,"DM,CM",24-103,90,0,0,0,0,0,0,0,0,54,15,3,0,2,42,45,93.3,288,38,185,0,0,786,288,17,19,20,20,4,4,44,1,1,0,14,0,0,0,0,0,0,13,30,1,0,0,3,3,0,1,2,15,6,40,4,19,30,11,2,54,0,2,0,0,0,0,3,0,100
259,Benjamin Mendy,Manchester City,22,fr FRA,LB,26-078,70,0,0,0,0,0,0,1,0,37,7,1,1,1,17,30,56.7,183,23,191,4,5,356,183,6,10,9,14,2,4,24,6,0,0,7,0,0,0,0,0,0,21,0,1,6,0,1,1,0,1,0,7,1,14.3,2,7,23,11,1,31,3,0,0,0,0,0,2,0,100
259,Nathan Aké,Manchester City,6,nl NED,LB,25-228,20,0,0,0,0,0,0,0,0,11,1,0,0,0,9,9,100,27,7,0,0,0,93,27,8,8,1,1,0,0,9,0,0,0,2,0,0,0,0,0,0,5,3,0,0,0,0,0,0,0,0,1,1,100,0,2,6,3,2,11,0,0,0,0,0,0,2,0,100
259,Aymeric Laporte,Manchester City,14,fr FRA,CB,26-129,90,0,0,0,0,1,0,0,0,43,5,1,1,1,28,34,82.4,195,26,238,0,0,577,195,8,10,15,15,5,8,33,1,1,0,6,1,0,0,0,0,0,20,14,0,0,0,1,1,0,1,0,5,4,80,6,22,26,2,1,42,0,2,0,0,0,0,3,1,75
259,Rúben Dias,Manchester City,3,pt POR,CB,23-142,90,0,0,0,0,1,0,0,0,42,5,0,0,3,28,34,82.4,214,25,75,0,0,667,214,6,6,14,17,7,8,34,0,0,0,8,0,0,0,0,0,0,4,24,5,0,0,0,0,0,0,0,5,0,0,9,21,20,4,2,42,0,1,0,0,0,0,2,0,100
259,Kyle Walker,Manchester City,2,eng ENG,RB,30-128,90,0,0,0,0,1,0,0,0,60,9,1,3,2,44,52,84.6,410,28,169,3,5,876,410,16,20,19,19,9,12,33,19,1,0,3,0,0,0,0,0,0,1,30,1,18,1,1,1,0,1,0,9,3,33.3,1,15,37,14,1,41,1,0,0,0,0,0,1,3,25
259,Ederson,Manchester City,31,br BRA,GK,27-047,90,0,0,0,0,0,0,0,0,36,0,0,0,0,24,30,80,415,17,71,0,0,624,415,3,3,15,15,6,12,20,10,4,0,6,0,0,0,0,0,0,25,1,0,0,4,0,0,0,0,0,0,0,,31,36,0,0,0,26,0,0,0,0,0,0,0,0,
260,Patrick Bamford,Leeds United,9,eng ENG,FW,27-044,90,0,0,0,0,3,1,0,0,14,10,0,0,1,4,7,57.1,39,8,1,0,0,78,39,2,3,1,1,1,1,5,2,0,0,1,0,1,0,0,0,0,1,6,0,0,0,0,0,0,0,0,10,2,20,0,1,4,9,4,12,1,0,1,0,0,0,0,1,0
260,Jack Harrison,Leeds United,22,eng ENG,LM,23-334,81,0,0,0,0,1,0,0,0,57,12,1,1,1,31,46,67.4,160,48,188,2,3,519,160,16,22,12,14,3,8,46,0,0,0,2,2,5,0,0,0,0,35,6,4,0,1,1,0,1,0,0,12,3,25,0,7,18,36,4,57,2,1,0,0,0,0,0,2,0
260,Raphael Dias Belloli,Leeds United,18,br BRA,LM,23-310,9,0,0,0,0,0,0,0,0,11,1,0,0,0,6,10,60,45,7,14,0,0,152,45,1,1,4,7,1,1,8,2,0,0,0,1,3,1,0,1,0,8,1,0,1,0,0,0,0,0,0,1,0,0,0,1,4,6,3,9,0,0,0,0,0,0,0,0,
260,Rodrigo,Leeds United,20,es ESP,CM,29-227,90,0,0,0,0,3,1,0,0,42,17,1,0,0,26,35,74.3,112,37,60,3,3,414,112,13,14,8,13,2,5,35,0,0,1,0,1,2,0,0,0,0,29,4,2,0,0,1,1,0,0,1,17,4,23.5,0,2,19,24,6,42,0,1,0,0,0,0,2,3,40
260,Mateusz Klich,Leeds United,43,pl POL,CM,30-128,90,0,0,0,0,0,0,0,0,73,13,1,2,0,54,67,80.6,230,55,132,0,0,913,230,26,29,23,28,5,8,65,2,1,0,3,0,0,0,0,0,0,3,55,8,1,0,1,1,0,1,0,13,4,30.8,0,9,41,27,5,71,1,1,0,0,0,0,0,0,
260,Hélder Costa,Leeds United,17,pt POR,RM,26-281,70,0,0,0,0,2,0,0,0,31,8,1,1,1,13,19,68.4,57,24,131,2,6,167,57,9,10,4,5,0,3,19,0,0,0,1,0,0,0,0,0,0,14,3,1,0,1,1,0,0,1,0,8,4,50,1,1,13,20,5,31,0,1,0,0,0,0,0,0,
260,Ian Carlo Poveda,Leeds United,7,eng ENG,RM,20-253,20,0,0,0,0,1,0,0,0,9,4,1,0,0,4,6,66.7,40,8,16,1,1,64,40,1,2,3,4,0,0,6,0,0,0,0,0,1,0,0,0,0,4,2,0,0,0,1,1,1,0,0,4,1,25,0,1,2,6,1,9,1,1,0,0,0,0,0,0,
260,Kalvin Phillips,Leeds United,23,eng ENG,"DM,CB",24-322,90,0,0,0,0,0,0,1,0,90,10,0,0,2,67,84,79.8,394,67,103,0,0,1775,394,20,23,20,21,26,38,72,12,6,1,0,9,2,6,1,3,1,3,80,1,0,0,0,0,0,0,0,10,4,40,2,23,50,20,0,79,3,2,0,0,0,0,0,3,0
260,Stuart Dallas,Leeds United,15,nir NIR,LB,29-183,90,0,0,0,0,0,0,0,0,83,15,5,2,1,66,75,88,497,55,140,0,1,1171,497,32,33,27,32,7,9,66,9,1,0,4,1,2,0,0,0,0,21,44,1,8,0,5,3,4,1,0,15,5,33.3,3,26,42,19,1,74,1,1,0,0,0,0,1,2,33.3
260,Pascal Struijk,Leeds United,21,nl NED,CB,21-069,74,0,0,0,0,0,0,0,0,55,12,1,1,0,45,48,93.8,242,40,68,0,0,1106,242,7,8,29,30,9,9,45,3,2,0,1,0,0,0,0,0,0,38,4,4,1,0,1,0,1,0,0,12,4,33.3,7,24,33,1,0,52,0,0,0,0,0,0,2,4,33.3
260,Pablo Hernández,Leeds United,19,es ESP,"CB,DM",35-191,16,0,0,0,0,2,0,0,0,31,6,0,0,0,24,29,82.8,170,26,75,1,1,438,170,10,13,13,13,1,2,28,1,0,1,1,1,0,1,0,0,1,3,26,0,0,0,0,0,0,0,0,6,1,16.7,0,2,17,15,2,30,0,0,0,0,0,0,0,0,
260,Robin Koch,Leeds United,5,de GER,CB,24-094,90,0,0,0,0,0,0,0,0,79,9,3,2,1,64,68,94.1,461,53,284,0,0,1439,461,14,16,37,37,11,13,68,0,0,0,3,3,0,0,0,0,0,6,56,4,0,0,3,2,1,2,0,9,2,22.2,9,41,45,4,1,79,3,0,0,0,0,0,3,2,60
260,Luke Ayling,Leeds United,2,eng ENG,RB,29-055,90,0,0,0,0,1,0,1,0,94,7,2,0,3,62,86,72.1,547,75,309,0,0,1378,547,20,24,29,40,12,17,78,8,0,0,0,4,7,0,0,0,0,7,67,4,8,0,2,1,1,1,0,7,3,42.9,5,26,44,32,3,86,1,2,0,0,0,0,0,0,
260,Illan Meslier,Leeds United,1,fr FRA,GK,20-231,90,0,0,0,0,0,0,0,0,33,0,0,0,0,28,31,90.3,283,19,18,0,0,606,283,11,11,10,11,7,9,21,10,4,0,0,0,0,0,0,0,0,22,4,0,0,5,0,0,0,0,0,0,0,,28,33,0,0,0,23,0,1,0,0,0,0,0,0,
260,Daniel Podence,Wolves,10,pt POR,FW,24-364,64,0,0,0,0,2,2,0,0,21,4,2,0,1,11,13,84.6,135,18,68,0,1,241,135,6,8,1,1,4,4,13,0,0,0,2,0,0,0,0,0,0,2,11,0,0,0,2,1,0,1,1,4,1,25,0,2,12,8,1,21,1,2,2,0,0,0,0,1,0
260,Adama Traoré,Wolves,37,es ESP,FW,24-268,26,0,0,0,0,0,0,0,0,7,1,0,0,0,4,4,100,11,8,116,1,2,53,11,3,3,1,1,0,0,4,0,0,0,1,0,0,0,0,0,0,0,3,1,0,0,0,0,0,0,0,1,0,0,0,3,4,2,0,7,0,1,0,0,0,0,0,1,0
260,Raúl Jiménez,Wolves,9,mx MEX,FW,29-167,90,1,0,0,0,2,1,0,0,42,5,1,0,2,13,25,52,44,29,68,3,5,187,44,7,14,5,7,0,1,25,0,0,0,11,1,1,0,0,0,0,2,20,1,0,0,1,1,0,1,0,5,3,60,3,5,25,15,5,42,1,3,0,0,0,0,2,4,33.3
260,Pedro Neto,Wolves,7,pt POR,CM,20-224,88,0,0,0,0,1,0,0,0,43,7,1,3,0,19,27,70.4,58,38,265,6,11,258,58,13,14,3,6,1,2,24,3,1,0,11,2,1,1,0,1,0,17,7,1,0,1,1,1,1,0,0,7,1,14.3,1,8,22,20,4,40,2,0,0,0,0,0,2,0,100
260,Fernando Marçal,Wolves,5,br BRA,CM,31-243,2,0,0,0,0,0,0,0,0,3,0,0,0,0,2,2,100,3,1,0,0,0,18,3,2,2,0,0,0,0,2,0,0,0,0,0,0,0,0,0,0,0,1,1,0,0,0,0,0,0,0,0,0,,0,2,1,0,0,3,1,0,0,0,0,0,0,0,
260,Leander Dendoncker,Wolves,32,be BEL,CM,25-187,90,0,0,0,0,0,0,0,0,49,11,2,1,1,31,38,81.6,159,22,28,2,2,527,159,16,18,12,17,3,3,37,1,0,0,11,0,1,1,0,1,0,4,23,5,0,0,2,1,1,0,1,11,4,36.4,7,14,24,11,2,48,2,1,0,0,0,0,7,0,100
260,João Moutinho,Wolves,28,pt POR,DM,34-041,81,0,0,0,0,0,0,1,0,38,12,4,2,2,25,28,89.3,212,21,31,0,1,489,212,9,9,13,13,3,6,24,4,3,0,6,0,0,1,0,1,0,2,24,2,0,0,4,3,0,4,0,12,4,33.3,0,9,24,7,0,34,2,2,0,0,0,0,0,0,
260,Rúben Neves,Wolves,8,pt POR,DM,23-220,9,0,0,0,0,2,0,0,0,9,5,0,0,0,2,4,50,43,4,42,0,0,67,43,1,1,0,1,1,2,4,0,0,0,1,0,0,0,0,0,0,0,3,1,0,0,0,0,0,0,0,5,3,60,3,6,2,2,1,9,0,0,0,0,0,0,0,0,
260,Romain Saïss,Wolves,27,ma MAR,WB,30-207,90,0,0,0,0,0,0,0,0,34,5,0,1,1,19,28,67.9,250,9,10,0,0,416,250,6,7,10,18,3,3,17,11,0,0,3,0,2,0,0,0,0,10,3,4,11,0,0,0,0,0,0,5,1,20,4,18,11,5,1,23,1,1,0,0,0,0,1,0,100
260,Nélson Semedo,Wolves,22,pt POR,WB,26-338,90,0,0,0,0,0,0,0,0,53,11,1,3,4,21,36,58.3,189,22,75,4,6,346,189,9,14,10,14,2,5,19,17,1,0,5,0,0,0,0,0,0,3,14,2,16,0,1,1,1,0,0,11,4,36.4,8,23,23,11,0,36,1,3,0,0,0,0,2,1,66.7
260,Max Kilman,Wolves,49,eng ENG,CB,23-149,90,0,1,0,0,0,0,0,0,32,2,2,3,1,14,21,66.7,101,15,126,1,1,274,101,7,7,6,7,1,6,19,2,2,0,2,2,0,0,0,0,0,13,7,0,0,0,2,1,2,0,0,2,0,0,9,26,11,0,0,30,0,0,0,0,0,0,1,0,100
260,Conor Coady,Wolves,16,eng ENG,CB,27-237,90,0,0,0,0,0,0,0,0,27,5,1,2,1,12,23,52.2,124,17,27,0,0,311,124,1,2,7,8,4,11,21,2,2,0,4,2,0,0,0,0,0,1,21,1,0,0,1,1,0,1,0,5,3,60,8,19,8,0,0,25,0,0,0,0,0,0,2,1,66.7
260,Willy Boly,Wolves,15,ci CIV,CB,29-259,90,0,0,0,0,0,0,0,0,36,0,2,0,1,19,28,67.9,237,20,50,0,0,435,237,6,6,9,11,4,11,27,1,1,0,9,0,0,0,0,0,0,6,22,0,0,0,2,1,2,0,0,0,0,,5,21,15,2,0,35,1,0,0,0,0,0,0,0,
260,Rui Patrício,Wolves,11,pt POR,GK,32-247,90,0,0,0,0,0,0,0,0,31,0,0,0,0,14,31,45.2,574,11,36,0,0,718,574,1,1,0,0,13,30,15,16,4,0,0,1,0,0,0,0,0,17,5,0,0,3,0,0,0,0,0,0,0,,28,31,0,0,0,15,0,0,0,0,0,0,0,0,
261,Ollie Watkins,Aston Villa,11,eng ENG,FW,24-298,90,0,0,0,0,2,0,0,0,42,13,2,0,0,22,37,59.5,62,28,170,2,2,296,62,13,19,8,13,0,1,35,2,0,0,14,0,1,0,0,0,0,4,22,2,0,0,2,2,0,1,1,13,6,46.2,2,4,22,20,7,40,1,2,0,0,0,0,10,7,58.8
261,Jack Grealish,Aston Villa,10,eng ENG,LW,25-043,90,0,0,0,0,2,1,1,0,44,10,0,0,2,17,28,60.7,122,40,293,3,4,251,122,12,16,4,6,1,3,24,4,1,0,6,0,3,3,3,0,0,4,22,0,0,0,0,0,0,0,0,10,3,30,0,6,18,23,9,41,1,3,0,0,0,0,2,1,66.7
261,Trézéguet,Aston Villa,17,eg EGY,RW,26-022,65,0,0,0,0,1,0,0,0,19,18,0,0,2,7,10,70,8,12,68,1,1,73,8,4,5,2,4,0,0,10,0,0,0,2,0,0,0,0,0,0,2,7,0,0,0,0,0,0,0,0,18,3,16.7,1,4,7,10,3,19,5,0,0,0,0,0,1,3,25
261,Bertrand Traoré,Aston Villa,15,bf BFA,RW,25-047,25,0,0,0,0,0,0,0,0,11,5,0,0,0,9,11,81.8,33,6,4,0,0,152,33,5,6,3,4,1,1,10,1,1,0,2,0,0,0,0,0,0,8,1,1,0,0,0,0,0,0,0,5,0,0,0,1,8,2,0,10,1,0,0,0,0,0,1,0,100
261,Ross Barkley,Aston Villa,20,eng ENG,AM,26-323,90,0,0,0,0,3,1,0,0,51,14,0,0,4,28,38,73.7,254,31,183,1,1,616,254,9,12,15,18,4,8,32,6,2,0,5,0,0,3,1,1,0,11,25,2,0,0,0,0,0,0,0,14,3,21.4,3,9,32,16,0,45,3,0,0,0,0,0,0,0,
261,Douglas Luiz,Aston Villa,6,br BRA,CM,22-167,90,0,0,0,0,0,0,0,0,39,15,4,2,2,23,29,79.3,83,25,75,2,2,389,83,8,8,15,16,0,5,26,3,3,0,5,0,0,0,0,0,0,4,22,3,0,0,4,2,2,2,0,15,3,20,4,11,24,9,0,37,1,6,0,0,0,0,0,1,0
261,John McGinn,Aston Villa,7,sco SCO,CM,26-005,90,0,0,0,0,2,0,0,0,34,11,1,0,1,16,23,69.6,82,30,111,2,2,298,82,4,5,12,14,0,1,22,1,0,0,6,0,0,0,0,0,0,15,7,1,0,0,1,1,0,1,0,11,3,27.3,2,8,16,11,2,33,1,0,0,0,0,0,0,0,
261,Matt Targett,Aston Villa,18,eng ENG,LB,25-035,90,0,0,0,0,1,0,0,0,49,17,3,3,2,24,38,63.2,269,21,52,1,1,462,269,9,16,11,14,4,5,30,8,1,0,7,0,1,0,0,0,0,20,5,4,7,0,3,2,2,0,1,17,5,29.4,7,15,16,19,5,41,1,0,0,0,0,0,3,1,75
261,Tyrone Mings,Aston Villa,5,eng ENG,CB,27-224,90,0,0,0,0,0,0,1,0,35,5,0,1,0,24,30,80,284,16,45,1,1,598,284,8,9,9,11,7,10,28,2,2,0,6,1,0,0,0,0,0,26,3,1,0,0,0,0,0,0,0,5,2,40,10,18,18,1,0,33,0,0,0,0,0,0,0,2,0
261,Ezri Konsa,Aston Villa,4,eng ENG,CB,23-000,90,0,0,0,0,1,1,0,0,28,4,0,0,3,10,13,76.9,54,12,18,0,0,236,54,3,3,5,6,2,4,12,1,1,0,3,0,0,0,0,0,0,1,12,0,0,0,0,0,0,0,0,4,3,75,12,20,7,1,1,28,0,4,0,0,0,0,1,1,50
261,Matty Cash,Aston Villa,2,eng ENG,RB,23-077,90,0,0,0,0,0,0,0,0,41,22,2,4,1,25,32,78.1,202,13,21,0,0,477,202,13,14,8,11,4,7,20,12,2,0,5,1,0,0,0,0,0,0,16,5,10,0,2,1,2,0,0,22,5,22.7,3,19,18,4,1,30,2,2,0,0,0,0,4,0,100
261,Emiliano Martínez,Aston Villa,26,ar ARG,GK,28-051,90,0,0,0,0,0,0,0,0,46,0,0,0,0,24,45,53.3,779,17,57,0,0,1040,779,1,1,11,11,12,33,29,16,4,0,5,2,0,0,0,0,0,3,30,0,0,4,0,0,0,0,0,0,0,,40,46,0,0,0,30,0,0,0,0,0,0,0,0,
261,Patrick Bamford,Leeds United,9,eng ENG,FW,27-048,90,3,0,0,0,9,4,0,0,28,13,1,0,1,8,13,61.5,12,11,9,1,1,72,12,8,11,0,1,0,0,12,1,0,0,3,0,0,0,0,0,0,10,1,1,0,0,1,1,0,0,1,13,5,38.5,0,0,9,19,12,27,3,1,0,0,0,0,3,2,60
261,Rodrigo,Leeds United,20,es ESP,AM,29-231,78,0,0,0,0,5,1,0,0,48,15,3,0,0,30,33,90.9,169,37,100,1,2,611,169,15,16,7,7,7,8,33,0,0,0,3,1,1,0,0,0,0,23,7,2,0,1,3,2,1,2,0,15,3,20,1,3,28,20,7,48,4,2,0,0,0,0,0,2,0
261,Pablo Hernández,Leeds United,19,es ESP,AM,35-195,12,0,0,0,0,2,0,0,0,22,3,0,0,0,17,20,85,92,13,34,0,0,468,92,5,6,6,7,6,6,20,0,0,0,2,3,2,0,0,0,0,4,16,0,0,0,0,0,0,0,0,3,0,0,0,0,14,9,3,22,0,0,0,0,0,0,0,0,
261,Jack Harrison,Leeds United,22,eng ENG,LM,23-338,90,0,0,0,0,2,1,0,0,50,11,2,0,0,30,42,71.4,181,36,275,1,1,498,181,14,18,13,16,3,6,42,0,0,0,10,0,8,0,0,0,0,29,10,3,0,0,2,1,0,1,1,11,4,36.4,2,5,19,32,6,50,1,1,0,0,0,0,0,2,0
261,Mateusz Klich,Leeds United,43,pl POL,CM,30-132,90,0,1,0,0,2,1,1,0,72,28,2,1,2,48,62,77.4,324,30,109,1,1,818,324,26,31,13,14,7,14,53,9,4,0,6,3,3,4,2,1,0,1,56,3,1,0,2,2,1,1,0,28,10,35.7,4,19,31,26,3,63,4,2,0,0,0,0,1,0,100
261,Pascal Struijk,Leeds United,21,nl NED,CM,21-073,20,0,0,0,0,0,0,1,0,16,3,0,1,1,14,15,93.3,25,14,9,2,2,214,25,8,8,6,6,0,1,15,0,0,0,2,1,0,0,0,0,0,11,4,0,0,0,0,0,0,0,0,3,0,0,0,3,8,6,0,16,1,0,0,0,0,0,0,0,
261,Jamie Shackleton,Leeds United,46,eng ENG,CM,21-015,70,0,0,0,0,0,0,0,0,33,9,1,1,2,19,25,76,58,15,55,0,2,304,58,9,12,7,8,2,2,24,1,1,0,7,1,1,0,0,0,0,10,11,1,0,1,1,1,1,0,0,9,3,33.3,0,5,19,11,3,32,1,1,0,0,0,0,2,0,100
261,Hélder Costa,Leeds United,17,pt POR,RM,26-285,82,0,1,0,0,2,0,0,0,42,17,3,0,2,26,30,86.7,117,27,164,0,0,382,117,16,18,8,8,1,2,29,1,0,0,4,1,4,0,0,0,0,20,9,0,1,0,3,1,0,2,1,17,4,23.5,0,8,13,24,5,41,0,0,0,0,0,0,0,3,0
261,Raphael Dias Belloli,Leeds United,18,br BRA,RM,23-314,8,0,0,0,0,1,0,0,0,9,2,0,0,1,6,7,85.7,56,8,53,0,0,158,56,0,0,5,6,1,1,7,0,0,0,0,0,0,0,0,0,0,7,0,0,0,0,0,0,0,0,0,2,1,50,0,2,6,4,1,9,0,1,0,0,0,0,0,0,
261,Ezgjan Alioski,Leeds United,10,mk MKD,LB,28-254,90,0,0,0,0,2,1,0,0,60,9,1,0,1,38,51,74.5,323,27,130,0,0,560,323,23,25,14,18,1,6,35,16,3,0,5,0,4,0,0,0,0,30,3,4,13,0,1,1,0,1,0,9,3,33.3,3,18,27,18,2,44,1,3,0,0,0,0,2,3,40
261,Luke Ayling,Leeds United,2,eng ENG,CB,29-059,90,0,0,0,0,0,0,0,0,52,8,0,0,3,32,43,74.4,389,30,168,0,1,941,389,7,8,14,15,11,20,42,1,1,0,8,4,0,0,0,0,0,8,29,2,0,0,0,0,0,0,0,8,4,50,10,33,20,1,0,51,0,2,0,0,0,0,4,4,50
261,Robin Koch,Leeds United,5,de GER,CB,24-098,90,0,0,0,0,1,0,0,0,57,11,1,0,5,35,45,77.8,272,25,135,0,0,659,272,12,15,22,24,1,5,44,1,1,0,13,1,0,0,0,0,0,3,33,5,0,1,1,1,1,0,0,11,2,18.2,14,40,20,1,1,56,0,0,0,0,0,0,3,3,50
261,Stuart Dallas,Leeds United,15,nir NIR,RB,29-187,90,0,0,0,0,2,1,0,0,74,11,2,0,1,53,66,80.3,501,35,147,1,1,912,501,29,30,19,26,5,10,54,12,0,0,9,2,1,0,0,0,0,8,40,5,12,0,2,1,1,0,1,11,6,54.5,2,25,32,20,2,62,2,1,0,0,0,0,1,3,25
261,Illan Meslier,Leeds United,1,fr FRA,GK,20-235,90,0,0,0,0,0,0,0,0,33,0,0,0,0,22,29,75.9,394,12,45,0,0,662,394,3,3,9,9,10,17,19,10,4,0,2,0,0,0,0,0,0,14,7,0,0,7,0,0,0,0,0,0,0,,30,33,0,0,0,23,0,0,0,0,0,0,0,0,
262,Patrick Bamford,Leeds United,9,eng ENG,FW,27-058,90,0,0,0,0,4,2,0,0,26,11,5,0,0,11,15,73.3,1,11,9,1,1,169,1,6,10,3,3,1,1,10,5,0,0,3,0,0,0,0,0,0,7,5,1,0,1,5,3,1,1,3,11,5,45.5,1,2,10,14,4,21,0,0,1,0,0,0,2,1,66.7
262,Jack Harrison,Leeds United,22,eng ENG,"LM,CM",23-348,90,0,1,0,0,1,0,0,0,58,18,4,0,0,25,42,59.5,102,46,147,2,4,390,102,13,20,11,13,1,8,38,4,0,0,8,5,2,4,1,3,0,24,15,2,0,0,4,4,0,2,2,18,10,55.6,1,6,17,41,3,54,0,0,0,0,0,0,1,0,100
262,Jamie Shackleton,Leeds United,46,eng ENG,CM,21-025,45,0,0,0,0,0,0,0,0,19,5,1,0,0,11,14,78.6,5,15,34,0,0,165,5,6,9,5,5,0,0,14,0,0,0,3,0,0,0,0,0,0,3,10,0,0,0,1,1,0,1,0,5,1,20,2,3,7,10,2,19,0,0,1,0,0,0,1,0,100
262,Ian Carlo Poveda,Leeds United,7,eng ENG,RM,20-267,45,0,0,0,0,0,0,0,0,29,6,3,0,0,12,16,75,55,24,69,2,3,141,55,10,11,2,2,0,1,16,0,0,1,5,0,0,0,0,0,0,11,4,1,0,0,3,3,3,0,0,6,2,33.3,0,6,4,21,2,29,1,1,0,0,0,0,0,0,
262,Pablo Hernández,Leeds United,19,es ESP,CM,35-205,66,0,0,0,0,1,0,0,0,62,9,0,0,0,43,57,75.4,235,57,181,1,2,683,235,23,25,16,21,3,9,53,4,1,0,8,2,1,3,1,1,0,6,51,0,0,0,0,0,0,0,0,9,3,33.3,0,5,28,33,4,58,0,0,0,0,0,0,0,0,
262,Tyler Roberts,Leeds United,11,wal WAL,CM,21-295,24,0,0,0,0,1,0,0,0,11,2,0,0,0,4,8,50,17,8,20,0,0,90,17,1,1,3,6,0,1,8,0,0,0,2,0,1,0,0,0,0,0,6,1,0,0,0,0,0,0,0,2,1,50,0,1,5,6,1,11,0,0,0,0,0,0,1,1,50
262,Hélder Costa,Leeds United,17,pt POR,"RM,LM",26-295,90,0,0,0,0,0,0,0,0,48,9,2,0,0,35,41,85.4,103,43,172,2,4,519,103,16,18,15,16,1,1,41,0,0,0,9,0,1,0,0,0,0,29,10,0,0,1,2,2,1,0,1,9,5,55.6,0,8,25,22,3,48,2,3,0,0,0,0,1,0,100
262,Mateusz Klich,Leeds United,43,pl POL,DM,30-142,90,0,0,0,0,1,1,0,0,109,15,3,1,1,89,101,88.1,475,86,214,0,0,2076,475,27,29,38,43,22,27,94,7,3,0,11,4,2,3,0,2,0,4,94,1,1,0,3,2,3,0,0,15,3,20,1,21,66,30,1,102,2,0,0,0,1,0,1,0,100
262,Stuart Dallas,Leeds United,15,nir NIR,LB,29-197,80,1,0,0,0,1,1,1,0,97,11,0,1,1,83,91,91.2,358,75,203,1,1,1362,358,43,46,34,36,6,9,78,13,1,0,9,3,1,0,0,0,0,18,59,1,12,0,0,0,0,0,0,11,6,54.5,1,27,61,21,1,84,1,0,0,0,0,0,1,1,50
262,Ezgjan Alioski,Leeds United,10,mk MKD,LB,28-264,10,0,0,0,0,1,0,0,0,11,3,0,1,1,8,9,88.9,15,8,27,0,0,130,15,5,5,2,3,1,1,8,1,0,0,2,0,0,0,0,0,0,8,0,0,1,0,0,0,0,0,0,3,2,66.7,1,4,5,4,1,10,0,0,0,0,0,0,0,0,
262,Liam Cooper,Leeds United,6,sco SCO,CB,29-064,90,0,0,0,0,0,0,0,0,86,11,2,0,1,73,79,92.4,455,63,117,0,0,1808,455,12,14,39,40,21,23,79,0,0,0,3,1,0,0,0,0,0,62,10,4,0,0,2,2,0,2,0,11,6,54.5,9,37,52,2,0,86,1,1,0,0,0,0,3,1,75
262,Robin Koch,Leeds United,5,de GER,CB,24-108,90,0,0,0,0,1,1,0,0,96,9,2,1,3,78,86,90.7,529,75,286,0,0,1758,529,16,16,48,51,14,19,86,0,0,0,1,1,0,0,0,0,0,17,66,3,0,0,2,0,1,1,0,9,1,11.1,8,46,52,3,1,96,2,0,0,0,0,0,1,1,50
262,Luke Ayling,Leeds United,2,eng ENG,RB,29-069,90,0,0,0,0,0,0,0,0,120,6,1,0,1,92,114,80.7,531,92,296,0,0,1628,531,46,49,37,42,9,22,102,12,0,1,8,5,4,0,0,0,0,10,88,2,12,0,1,1,1,0,0,6,3,50,4,29,62,40,3,108,0,0,0,0,0,0,2,1,66.7
262,Illan Meslier,Leeds United,1,fr FRA,GK,20-245,90,0,0,0,0,0,0,0,0,22,1,0,0,0,17,19,89.5,153,15,39,0,0,386,153,6,6,10,10,1,3,17,2,0,0,4,0,0,0,0,0,0,13,0,0,0,5,0,0,0,0,0,1,0,0,19,22,0,0,0,20,0,0,0,0,0,0,0,0,
262,Jamie Vardy,Leicester City,9,eng ENG,FW,33-296,84,1,1,0,0,4,2,0,0,25,5,0,0,0,7,15,46.7,14,18,150,3,3,89,14,5,8,2,3,0,2,14,1,0,1,5,0,0,0,0,0,0,4,9,1,0,0,0,0,0,0,0,5,0,0,1,2,10,16,7,24,1,1,0,0,0,0,2,1,66.7
262,Wes Morgan,Leicester City,5,jm JAM,CB,36-286,6,0,0,0,0,0,0,0,0,1,0,0,0,0,0,0,,0,0,0,0,0,0,0,0,0,0,0,0,0,0,0,0,0,0,0,0,0,0,0,0,0,0,0,0,0,0,0,0,0,0,0,0,,1,1,0,0,0,1,0,0,0,0,0,0,0,0,
262,Harvey Barnes,Leicester City,15,eng ENG,AM,22-329,70,1,0,0,0,3,3,0,0,34,9,1,2,1,12,17,70.6,40,23,122,0,1,147,40,9,11,3,5,0,0,17,0,0,1,3,0,0,0,0,0,0,0,14,2,0,0,1,1,0,1,0,9,4,44.4,2,5,17,13,5,34,0,0,0,0,0,0,1,1,50
262,Cengiz Ünder,Leicester City,19,tr TUR,"AM,FW",23-111,20,0,1,0,0,0,0,0,0,9,4,1,0,0,3,6,50,4,8,12,0,1,37,4,2,2,1,3,0,0,6,0,0,0,1,0,0,0,0,0,0,2,3,1,0,0,1,1,0,0,1,4,3,75,0,2,4,4,2,9,0,0,0,0,0,0,0,0,
262,Dennis Praet,Leicester City,26,be BEL,AM,26-172,62,0,0,0,0,0,0,0,0,28,18,1,2,3,14,21,66.7,46,19,127,2,2,209,46,7,9,6,10,0,1,20,1,0,0,3,1,1,0,0,0,0,1,20,0,0,0,1,0,0,0,1,18,2,11.1,1,8,12,11,2,27,1,0,0,0,0,0,0,3,0
262,James Maddison,Leicester City,10,eng ENG,AM,23-345,28,0,0,0,0,0,0,0,0,20,5,0,0,0,13,14,92.9,109,13,75,0,2,213,109,8,8,4,5,1,1,13,1,0,1,1,0,0,1,0,0,1,1,11,2,0,0,0,0,0,0,0,5,0,0,0,4,9,9,1,19,0,2,0,1,0,0,0,1,0
262,Nampalys Mendy,Leicester City,24,fr FRA,DM,28-132,90,0,0,0,0,0,0,0,0,39,15,2,0,0,28,33,84.8,131,31,103,0,0,557,131,8,11,16,17,4,5,33,0,0,1,1,0,0,0,0,0,0,7,26,0,0,0,2,1,1,1,0,15,4,26.7,2,14,22,7,0,39,0,2,0,0,0,0,0,1,0
262,Youri Tielemans,Leicester City,8,be BEL,DM,23-179,90,2,0,1,1,1,1,0,0,35,13,1,0,1,27,31,87.1,137,14,35,0,0,410,137,18,18,7,8,2,5,30,1,1,0,5,0,0,0,0,0,0,7,23,1,0,0,1,1,0,1,0,13,8,61.5,1,7,24,6,2,33,0,1,0,0,0,0,0,2,0
262,Luke Thomas,Leicester City,33,eng ENG,WB,,90,0,0,0,0,1,1,1,0,43,22,4,4,3,11,23,47.8,41,14,16,0,1,148,41,9,15,2,5,0,3,22,1,0,0,2,0,0,0,0,0,0,8,5,8,1,0,4,2,2,0,2,22,7,31.8,10,23,9,11,1,42,1,1,0,0,0,0,1,2,33.3
262,Marc Albrighton,Leicester City,11,eng ENG,"WB,AM",30-350,90,0,0,0,0,0,0,0,0,40,17,5,1,1,16,27,59.3,186,25,127,1,3,353,186,6,8,5,9,4,8,23,4,1,0,4,4,4,2,0,1,1,3,22,0,1,1,5,3,4,1,0,17,9,52.9,2,15,13,13,1,36,1,2,0,0,0,0,0,0,
262,Christian Fuchs,Leicester City,28,at AUT,CB,34-209,90,0,0,0,0,0,0,0,0,58,11,4,1,2,36,48,75,451,25,125,0,1,753,451,14,15,18,21,4,12,39,9,1,0,1,2,0,0,0,0,0,27,8,5,8,0,4,3,4,0,0,11,4,36.4,10,38,18,6,0,50,1,0,0,0,0,0,0,0,
262,Wesley Fofana,Leicester City,3,fr FRA,CB,19-321,90,0,0,0,0,0,0,0,0,35,7,1,2,2,22,25,88,167,14,62,0,0,487,167,6,7,9,9,5,7,24,1,1,0,4,1,0,0,0,0,0,5,18,0,0,0,1,1,1,0,0,7,4,57.1,9,26,9,1,1,34,0,0,0,0,0,0,2,2,50
262,James Justin,Leicester City,2,eng ENG,"CB,WB",22-253,90,0,0,0,0,0,0,0,0,48,7,2,4,1,25,38,65.8,260,29,144,1,1,453,260,10,14,13,15,2,8,32,6,2,0,5,0,2,0,0,0,0,2,29,2,4,1,2,0,1,1,0,7,2,28.6,5,25,20,8,3,42,0,0,0,0,0,0,0,1,0
262,Kasper Schmeichel,Leicester City,1,dk DEN,GK,33-363,90,0,0,0,0,0,0,0,0,37,0,0,0,0,24,36,66.7,455,13,35,0,1,830,455,0,0,14,14,10,22,20,16,5,0,0,3,0,0,0,0,0,0,28,0,0,7,0,0,0,0,0,0,0,,32,37,0,0,0,21,0,0,0,0,0,0,0,0,
263,Wilfried Zaha,Crystal Palace,11,ci CIV,FW,27-363,90,0,1,0,0,1,0,0,0,59,15,0,0,0,27,31,87.1,128,54,190,2,5,377,128,16,18,8,8,1,2,31,0,0,0,6,0,2,0,0,0,0,3,27,1,0,0,0,0,0,0,0,15,7,46.7,0,2,32,29,7,59,0,5,0,0,0,0,0,0,
263,Jordan Ayew,Crystal Palace,9,gh GHA,FW,29-057,84,1,0,0,0,2,1,0,0,42,22,2,1,0,25,31,80.6,94,36,203,3,4,320,94,17,20,8,9,0,1,29,2,0,0,4,0,0,0,0,0,0,1,28,0,1,1,2,1,2,0,0,22,7,31.8,1,10,22,15,2,40,4,2,1,0,0,0,1,9,10
263,Christian Benteke,Crystal Palace,20,be BEL,FW,29-340,6,0,0,0,0,0,0,0,0,6,1,0,0,0,3,5,60,7,4,1,0,0,34,7,3,4,0,1,0,0,5,0,0,0,1,0,1,0,0,0,0,0,3,1,0,0,0,0,0,0,0,1,1,100,0,0,3,3,1,6,0,0,0,0,0,0,1,0,100
263,Eberechi Eze,Crystal Palace,25,eng ENG,LM,22-131,90,1,1,0,0,2,1,0,0,53,10,4,1,3,30,38,78.9,133,36,192,1,3,396,133,21,23,5,8,2,4,33,5,3,0,8,1,1,2,0,0,2,5,31,1,0,0,4,2,2,2,0,10,3,30,0,16,19,20,1,49,0,3,0,0,0,0,1,1,50
263,James McArthur,Crystal Palace,18,sco SCO,CM,33-031,90,0,0,0,0,0,0,0,0,42,16,1,2,2,25,29,86.2,203,27,111,1,1,429,203,13,14,9,10,2,4,26,3,2,0,7,0,0,0,0,0,0,10,17,2,0,0,1,0,1,0,0,16,3,18.8,5,16,24,3,0,40,2,3,0,0,0,0,0,3,0
263,Jaïro Riedewald,Crystal Palace,44,nl NED,CM,24-059,76,0,0,0,0,0,0,0,0,27,8,2,0,3,19,21,90.5,106,13,32,0,1,345,106,8,8,7,8,3,3,20,1,1,0,9,0,0,0,0,0,0,12,4,4,0,0,2,1,2,0,0,8,3,37.5,2,10,16,2,0,27,2,1,0,0,0,0,1,0,100
263,James McCarthy,Crystal Palace,22,ie IRL,CM,29-361,14,0,0,0,0,0,0,0,0,8,6,1,0,0,6,6,100,57,5,6,0,0,164,57,2,2,1,1,3,3,5,1,1,0,1,1,1,0,0,0,0,3,3,0,0,0,1,1,1,0,0,6,1,16.7,2,3,4,1,0,7,0,1,0,0,0,0,0,0,
263,Andros Townsend,Crystal Palace,10,eng ENG,RM,29-114,70,0,0,0,0,1,1,0,0,39,21,1,0,0,22,31,71,143,33,125,1,2,363,143,11,11,10,12,1,7,30,1,0,1,4,2,2,1,1,0,0,20,11,0,0,0,1,1,1,0,0,21,10,47.6,3,9,16,18,3,38,1,0,0,0,0,0,0,1,0
263,Jeffrey Schlupp,Crystal Palace,15,gh GHA,RM,27-320,20,0,0,0,0,0,0,0,0,10,6,1,0,1,5,8,62.5,37,7,20,0,0,71,37,2,3,3,5,0,0,8,0,0,0,3,0,0,0,0,0,0,6,0,0,0,0,1,1,1,0,0,6,2,33.3,0,3,4,4,1,10,0,0,0,0,0,0,2,0,100
263,Patrick van Aanholt,Crystal Palace,3,nl NED,LB,30-070,90,0,0,0,0,3,2,0,0,61,10,1,0,2,36,51,70.6,389,33,77,1,1,577,389,20,25,10,12,4,7,43,8,1,0,11,0,0,0,0,0,0,31,9,2,7,0,1,1,0,1,0,10,4,40,3,22,25,17,3,53,0,0,0,0,0,0,2,0,100
263,Scott Dann,Crystal Palace,6,eng ENG,CB,33-267,90,1,0,0,0,1,1,0,0,34,5,0,0,2,21,24,87.5,226,12,23,0,0,383,226,9,9,10,11,2,3,22,2,2,0,5,0,0,0,0,0,0,4,17,2,0,0,0,0,0,0,0,5,3,60,8,27,7,1,1,32,0,0,0,0,0,0,4,1,80
263,Cheikhou Kouyaté,Crystal Palace,8,sn SEN,CB,30-322,90,0,0,0,0,0,0,0,0,35,2,0,0,2,18,29,62.1,250,18,36,1,1,448,250,4,6,7,12,7,11,28,1,1,0,4,1,0,0,0,0,0,1,22,4,0,1,0,0,0,0,0,2,2,100,8,23,14,1,0,34,0,0,0,0,0,0,2,3,40
263,Nathaniel Clyne,Crystal Palace,17,eng ENG,RB,29-216,90,0,0,0,0,0,0,0,0,48,17,1,1,6,18,33,54.5,169,17,49,0,0,269,169,10,11,7,16,1,4,25,8,0,0,6,0,0,0,0,0,0,4,18,2,8,0,1,0,1,0,0,17,7,41.2,7,31,12,6,0,40,0,0,0,0,0,0,1,2,33.3
263,Vicente Guaita,Crystal Palace,31,es ESP,GK,33-302,90,0,0,0,0,0,0,0,0,27,0,0,0,0,5,26,19.2,219,10,36,0,0,255,219,0,0,1,1,4,25,12,14,5,0,0,1,0,0,0,0,0,0,20,0,0,1,0,0,0,0,0,0,0,,23,27,0,0,0,13,0,0,0,0,0,0,0,0,
263,Patrick Bamford,Leeds United,9,eng ENG,FW,27-063,90,1,0,0,0,2,1,0,0,26,19,1,0,1,15,19,78.9,6,12,40,0,0,160,6,8,11,2,3,1,1,14,5,0,0,3,0,0,0,0,0,0,7,10,1,0,1,1,0,0,0,1,19,9,47.4,0,2,12,13,6,21,0,0,1,0,0,0,0,3,0
263,Mateusz Klich,Leeds United,43,pl POL,AM,30-147,90,0,1,0,0,0,0,1,0,72,23,4,0,0,48,64,75,242,47,119,0,0,936,242,24,26,13,19,9,15,59,5,3,0,9,4,6,2,0,2,0,3,57,2,0,0,4,2,1,2,1,23,6,26.1,0,10,33,32,2,67,5,1,0,0,0,0,2,3,40
263,Jack Harrison,Leeds United,22,eng ENG,CM,23-353,90,0,0,0,0,1,1,0,0,60,22,1,0,2,24,42,57.1,110,44,178,3,3,382,110,10,15,10,16,2,6,37,5,0,0,5,1,1,4,0,4,0,26,14,0,1,0,1,0,0,0,1,22,11,50,2,6,18,41,1,55,1,2,0,0,0,0,2,1,66.7
263,Hélder Costa,Leeds United,17,pt POR,CM,26-300,45,0,0,0,0,0,0,0,0,20,11,1,0,3,10,13,76.9,19,17,48,2,2,145,19,6,6,4,5,0,0,13,0,0,0,4,0,0,0,0,0,0,10,3,0,0,0,1,0,1,0,0,11,3,27.3,0,6,9,6,1,20,2,0,0,0,0,1,0,1,0
263,Raphael Dias Belloli,Leeds United,18,br BRA,CM,23-329,45,0,0,0,0,1,0,0,0,30,9,2,0,3,16,18,88.9,136,23,123,2,3,360,136,5,6,9,9,2,3,18,0,0,0,2,2,0,0,0,0,0,16,2,0,0,0,2,1,1,1,0,9,1,11.1,1,5,16,12,1,29,0,1,0,0,0,0,0,0,
263,Pascal Struijk,Leeds United,21,nl NED,DM,21-088,70,0,0,0,0,1,0,0,0,40,18,1,0,0,31,35,88.6,103,32,64,0,0,678,103,8,8,16,18,7,8,35,0,0,0,4,2,0,0,0,0,0,26,5,4,0,0,1,1,0,1,0,18,8,44.4,1,6,25,12,2,40,1,0,0,0,0,0,1,2,33.3
263,Tyler Roberts,Leeds United,11,wal WAL,DM,21-300,20,0,0,0,0,0,0,0,0,12,5,0,0,0,8,10,80,36,9,5,0,0,175,36,4,5,2,2,2,2,10,0,0,0,2,0,0,0,0,0,0,0,9,0,0,0,0,0,0,0,0,5,3,60,0,0,3,9,3,12,0,0,0,0,0,0,1,0,100
263,Ezgjan Alioski,Leeds United,10,mk MKD,WB,28-269,90,0,0,0,0,1,1,0,0,86,19,3,1,1,64,78,82.1,341,60,291,1,1,1006,341,32,36,27,31,4,8,69,9,1,0,10,0,2,0,0,0,0,62,5,2,8,0,3,2,2,1,0,19,7,36.8,1,15,48,28,3,77,1,0,0,0,0,0,1,1,50
263,Stuart Dallas,Leeds United,15,nir NIR,WB,29-202,90,0,0,0,0,0,0,0,0,69,13,3,0,1,49,64,76.6,190,54,74,0,2,813,190,24,27,20,24,4,7,56,8,0,0,8,2,2,0,0,0,0,8,48,0,8,0,3,3,1,1,1,13,7,53.8,0,7,31,33,3,62,1,0,0,0,0,0,0,0,
263,Liam Cooper,Leeds United,6,sco SCO,CB,29-069,90,0,0,0,0,1,0,1,0,90,18,6,1,0,68,82,82.9,391,61,186,1,1,1605,391,13,15,40,41,15,26,81,1,0,0,4,4,0,0,0,0,0,64,9,5,1,0,6,5,4,2,0,18,8,44.4,9,42,52,1,1,89,2,2,0,0,0,0,4,1,80
263,Robin Koch,Leeds United,5,de GER,CB,24-113,90,0,0,0,0,1,0,0,0,107,19,3,1,2,85,98,86.7,541,70,195,0,0,1853,541,17,21,51,53,15,21,96,2,2,0,7,5,0,0,0,0,0,8,80,5,0,0,3,1,1,2,0,19,5,26.3,13,48,62,3,2,105,2,1,0,0,0,0,6,2,75
263,Luke Ayling,Leeds United,2,eng ENG,CB,29-074,90,0,0,0,0,1,0,0,0,106,25,7,0,2,76,93,81.7,605,74,396,0,2,1507,605,31,35,36,41,9,16,87,6,2,0,9,6,1,0,0,0,0,2,80,4,4,0,7,5,3,3,1,25,10,40,11,45,65,15,0,101,1,1,0,0,0,0,3,1,75
263,Illan Meslier,Leeds United,1,fr FRA,GK,20-250,90,0,0,0,0,0,0,0,0,29,0,0,0,0,27,29,93.1,222,16,19,0,0,563,222,9,9,12,12,5,7,23,6,1,0,1,0,0,0,0,0,0,15,6,0,0,7,0,0,0,0,0,0,0,,27,29,0,0,0,23,0,0,0,0,0,0,0,0,
264,Patrick Bamford,Leeds United,9,eng ENG,FW,27-078,90,0,0,0,0,5,2,0,0,24,8,0,0,1,10,12,83.3,5,10,13,1,2,123,5,7,8,3,4,0,0,11,1,0,0,2,0,0,0,0,0,0,9,2,0,0,0,0,0,0,0,0,8,1,12.5,3,3,5,16,9,23,0,1,0,0,0,0,3,0,100
264,Jack Harrison,Leeds United,22,eng ENG,LM,24-002,79,0,0,0,0,1,0,0,0,42,15,3,0,1,25,36,69.4,147,35,196,1,2,386,147,15,20,9,12,1,3,36,0,0,1,4,1,5,0,0,0,0,30,5,0,0,0,3,1,1,1,1,15,5,33.3,0,8,13,25,2,42,1,1,0,0,0,0,1,1,50
264,Ian Carlo Poveda,Leeds United,7,eng ENG,RM,20-287,11,0,0,0,0,1,1,0,0,9,0,0,0,0,4,7,57.1,21,8,78,0,0,71,21,2,2,1,3,1,1,7,0,0,0,1,0,1,0,0,0,0,4,3,0,0,0,0,0,0,0,0,0,0,,0,2,1,7,2,9,0,0,0,0,0,0,0,0,
264,Stuart Dallas,Leeds United,15,nir NIR,"CM,RB",29-217,90,0,0,0,0,4,1,1,0,68,17,0,1,1,52,60,86.7,260,47,155,0,0,925,260,26,28,22,26,4,5,55,5,0,1,6,1,2,0,0,0,0,11,42,1,5,0,0,0,0,0,0,17,3,17.6,2,12,33,29,2,63,1,0,0,0,0,0,1,0,100
264,Mateusz Klich,Leeds United,43,pl POL,CM,30-162,90,0,0,0,0,2,0,0,0,83,14,2,0,0,64,76,84.2,255,54,96,0,0,1105,255,28,31,29,36,6,8,73,3,0,0,10,0,2,2,0,1,0,3,67,4,1,1,2,1,0,1,1,14,6,42.9,1,6,36,47,4,80,0,0,0,0,0,0,0,0,
264,Raphael Dias Belloli,Leeds United,18,br BRA,"RM,LM",23-344,90,0,0,0,0,4,0,0,0,43,12,1,1,0,25,35,71.4,178,29,132,1,2,534,178,9,13,12,17,4,4,35,0,0,0,6,1,2,0,0,0,0,31,3,1,0,0,1,1,0,1,0,12,5,41.7,1,6,22,17,6,43,1,0,0,0,0,0,0,0,
264,Kalvin Phillips,Leeds United,23,eng ENG,DM,24-356,90,0,0,0,0,1,0,1,0,104,18,2,3,0,85,98,86.7,461,83,233,0,0,1842,461,24,24,46,51,15,22,91,7,3,0,3,5,2,3,0,2,0,5,90,2,1,0,2,0,2,0,0,18,5,27.8,3,26,59,32,0,98,2,2,0,0,0,0,0,2,0
264,Ezgjan Alioski,Leeds United,10,mk MKD,LB,28-284,90,0,0,0,0,1,0,0,0,88,16,5,4,1,66,76,86.8,237,60,325,0,0,1120,237,23,23,38,42,4,6,71,5,1,0,6,1,2,0,0,0,0,62,7,3,4,0,5,2,1,2,2,16,5,31.3,3,17,46,35,3,84,0,3,0,0,0,0,0,4,0
264,Liam Cooper,Leeds United,6,sco SCO,CB,29-084,90,0,0,0,0,1,0,1,0,97,9,0,5,1,81,85,95.3,440,57,128,0,0,1766,440,28,28,33,35,20,22,83,2,2,0,3,1,0,0,0,0,0,65,11,6,0,2,0,0,0,0,0,9,2,22.2,7,46,51,5,1,95,3,1,0,0,0,0,6,2,75
264,Robin Koch,Leeds United,5,de GER,CB,24-128,90,0,0,0,0,1,0,0,0,82,7,1,2,3,64,76,84.2,485,67,273,0,0,1351,485,13,13,46,50,5,13,73,3,3,0,4,1,1,0,0,0,0,8,66,2,0,0,1,1,1,0,0,7,2,28.6,9,37,41,13,1,79,1,0,0,0,0,0,0,1,0
264,Luke Ayling,Leeds United,2,eng ENG,RB,29-089,69,0,0,0,0,1,0,0,0,66,19,3,1,1,44,59,74.6,293,47,102,0,0,805,293,15,16,26,31,3,12,54,5,0,0,5,0,4,0,0,0,0,7,44,1,5,0,3,2,1,1,1,19,7,36.8,3,12,26,30,7,61,0,0,0,0,0,0,2,2,50
264,Rodrigo,Leeds United,20,es ESP,CM,29-261,21,0,0,0,0,3,0,0,0,16,7,1,0,1,4,8,50,36,8,20,0,0,62,36,3,6,1,2,0,0,8,0,0,0,1,0,0,0,0,0,0,6,0,2,0,0,1,1,0,0,1,7,3,42.9,0,1,4,11,1,16,0,0,0,0,0,0,1,0,100
264,Illan Meslier,Leeds United,1,fr FRA,GK,20-265,90,0,0,0,0,0,0,0,0,23,0,0,0,0,16,20,80,203,10,10,0,0,395,203,6,6,6,6,4,8,15,5,0,0,4,0,0,0,0,0,0,13,5,0,0,2,0,0,0,0,0,0,0,,20,23,0,0,0,18,0,0,0,0,0,0,0,0,
264,Pierre-Emerick Aubameyang,Arsenal,14,ga GAB,FW,31-157,90,0,0,0,0,3,1,0,0,32,5,0,0,1,16,25,64,24,23,88,1,1,187,24,10,16,4,5,0,0,25,0,0,0,8,0,0,0,0,0,0,1,20,1,0,1,0,0,0,0,0,5,1,20,2,6,21,8,3,32,0,1,2,0,0,0,2,3,40
264,Willian,Arsenal,12,br BRA,LW,32-105,45,0,0,0,0,0,0,0,0,29,4,1,1,1,18,21,85.7,59,23,83,2,2,318,59,7,8,9,10,2,2,20,1,0,0,4,0,0,0,0,0,0,1,19,1,0,0,1,0,0,1,0,4,3,75,0,4,17,10,2,28,0,0,0,0,0,0,0,1,0
264,Reiss Nelson,Arsenal,24,eng ENG,"RW,LW",20-348,45,0,0,0,0,0,0,0,0,18,10,0,0,1,6,11,54.5,20,12,79,1,1,88,20,4,4,2,3,0,4,7,4,2,0,4,0,2,2,1,1,0,3,8,0,0,0,0,0,0,0,0,10,4,40,1,8,5,7,0,14,1,1,0,0,0,0,0,0,
264,Nicolas Pépé,Arsenal,19,ci CIV,"RW,AM",25-177,50,0,0,0,0,1,0,0,1,26,11,1,1,0,12,18,66.7,58,21,93,3,3,194,58,7,8,2,4,2,4,15,3,2,0,6,0,1,1,0,1,0,14,1,0,0,0,1,1,0,1,0,11,2,18.2,1,5,15,8,0,24,3,1,0,0,0,0,3,3,50
264,Joe Willock,Arsenal,28,eng ENG,AM,21-094,56,0,0,0,0,0,0,0,0,22,8,1,1,2,10,15,66.7,19,14,104,1,2,150,19,5,6,4,7,0,1,15,0,0,0,8,1,1,0,0,0,0,4,9,0,0,0,1,1,0,1,0,8,4,50,1,4,14,9,1,22,2,0,0,0,0,0,2,0,100
264,Bukayo Saka,Arsenal,7,eng ENG,LW,19-078,33,0,0,0,0,1,1,0,0,16,4,0,1,0,8,12,66.7,61,13,82,2,2,153,61,4,5,3,4,1,2,11,1,0,0,4,1,2,0,0,0,0,6,4,0,1,0,0,0,0,0,0,4,1,25,2,7,6,5,4,15,0,0,0,0,0,0,2,1,66.7
264,Ainsley Maitland-Niles,Arsenal,15,eng ENG,LW,23-085,1,0,0,0,0,0,0,0,0,1,0,0,0,0,1,1,100,0,0,0,0,0,29,0,0,0,1,1,0,0,1,0,0,0,0,0,0,0,0,0,0,1,0,0,0,0,0,0,0,0,0,0,0,,0,0,1,0,0,1,0,0,0,0,0,0,0,0,
264,Granit Xhaka,Arsenal,34,ch SUI,CM,28-056,90,0,0,0,0,1,0,0,0,33,7,0,1,1,23,26,88.5,94,20,46,0,0,469,94,4,4,14,14,4,7,24,2,2,0,2,1,0,0,0,0,0,22,3,1,0,0,0,0,0,0,0,7,3,42.9,5,16,16,2,0,31,0,1,0,0,0,0,0,0,
264,Dani Ceballos,Arsenal,8,es ESP,CM,24-107,90,0,0,0,0,2,0,0,0,49,17,3,2,1,29,38,76.3,187,31,106,3,3,524,187,11,14,16,19,2,5,38,0,0,0,6,1,0,0,0,0,0,3,32,2,0,1,3,3,0,2,1,17,4,23.5,5,18,28,7,0,48,1,3,0,0,0,0,0,1,0
264,Kieran Tierney,Arsenal,3,sco SCO,LB,23-170,90,0,0,0,0,0,0,0,0,47,7,1,0,6,30,41,73.2,287,27,165,1,1,568,287,10,11,17,19,2,9,36,5,0,0,6,1,2,0,0,0,0,29,5,2,5,0,1,0,0,0,1,7,3,42.9,7,23,19,11,2,42,0,1,0,0,0,0,0,1,0
264,Gabriel Dos Santos,Arsenal,6,br BRA,CB,22-339,90,0,0,0,0,1,0,0,0,43,4,0,1,3,20,30,66.7,150,22,166,0,1,444,150,5,7,11,14,3,8,29,1,1,0,6,0,0,0,0,0,0,26,3,1,0,0,0,0,0,0,0,4,0,0,17,37,10,1,1,43,0,1,0,0,0,0,1,0,100
264,Rob Holding,Arsenal,16,eng ENG,CB,25-063,90,0,0,0,0,0,0,0,0,32,9,0,0,2,15,24,62.5,97,16,81,0,0,317,97,5,5,7,11,3,7,23,1,0,0,2,1,0,0,0,0,0,3,14,6,1,0,0,0,0,0,0,9,0,0,10,24,11,0,0,31,1,0,0,0,0,0,0,3,0
264,Héctor Bellerín,Arsenal,2,es ESP,RB,25-248,90,0,0,0,0,0,0,0,0,45,5,0,1,2,29,40,72.5,193,14,48,0,0,473,193,13,16,14,20,2,4,31,9,0,1,5,0,0,0,0,0,0,6,18,5,9,1,0,0,0,0,0,5,3,60,5,20,18,8,0,36,0,0,0,0,0,0,2,1,66.7
264,Bernd Leno,Arsenal,1,de GER,GK,28-263,90,0,0,0,0,0,0,0,0,47,0,0,0,0,21,43,48.8,561,16,52,0,0,754,561,3,3,9,9,9,31,26,17,0,0,2,0,0,0,0,0,0,5,32,0,0,2,0,0,0,0,0,0,0,,45,47,0,0,0,30,0,0,0,0,0,0,0,0,
265,Dominic Calvert-Lewin,Everton,9,eng ENG,FW,23-257,90,0,0,0,0,3,1,0,0,53,9,2,0,2,27,36,75,71,34,105,1,2,436,71,16,21,8,12,3,3,35,1,0,0,12,1,0,0,0,0,0,4,20,3,0,1,2,1,0,1,1,9,5,55.6,2,4,22,30,8,52,1,1,0,0,0,0,9,6,60
265,Richarlison,Everton,7,br BRA,AM,23-202,90,0,0,0,0,6,4,0,0,41,16,3,1,3,13,23,56.5,59,33,232,1,2,208,59,9,12,2,4,2,4,23,0,0,0,4,0,0,0,0,0,0,8,15,0,0,0,3,2,2,1,0,16,6,37.5,1,8,17,20,8,41,1,2,0,0,0,0,1,1,50
265,James Rodríguez,Everton,19,co COL,AM,29-139,90,0,0,0,0,3,2,0,0,68,6,1,3,3,39,55,70.9,361,51,88,1,1,924,361,11,12,12,17,14,20,44,11,5,0,5,7,2,4,3,1,0,49,3,1,2,0,1,1,0,0,1,6,3,50,0,7,38,28,1,59,0,3,1,0,0,0,0,1,0
265,Allan,Everton,6,br BRA,CM,29-325,90,0,0,0,0,2,0,1,0,39,27,0,0,0,31,36,86.1,179,37,304,5,5,571,179,14,16,11,12,5,7,34,2,0,0,4,1,0,0,0,0,0,2,31,1,1,1,0,0,0,0,0,27,6,22.2,0,13,24,10,1,37,3,2,0,0,0,0,0,1,0
265,Abdoulaye Doucouré,Everton,16,fr FRA,"CM,WB",27-332,90,0,0,0,0,1,1,0,0,55,11,2,1,2,36,42,85.7,62,40,51,0,1,577,62,15,17,20,22,0,1,42,0,0,0,4,0,0,0,0,0,0,7,33,1,0,0,2,1,1,0,1,11,4,36.4,1,17,21,18,2,55,0,0,0,0,0,0,1,2,33.3
265,Alex Iwobi,Everton,17,ng NGA,WB,24-209,66,0,0,0,0,0,0,0,0,35,8,0,1,3,23,30,76.7,212,25,135,2,2,455,212,6,8,9,11,5,8,28,2,0,0,1,1,1,0,0,0,0,2,26,0,2,0,0,0,0,0,0,8,2,25,5,20,13,5,2,33,0,0,0,0,0,0,0,1,0
265,André Gomes,Everton,21,pt POR,"CM,WB",27-121,24,0,0,0,0,0,0,0,0,26,4,2,1,0,17,21,81,53,20,41,1,1,272,53,10,12,5,5,2,3,21,0,0,0,5,0,1,0,0,0,0,9,10,0,0,0,2,1,2,0,0,4,0,0,1,5,13,9,0,26,1,0,0,0,0,0,2,0,100
265,Tom Davies,Everton,26,eng ENG,WB,22-151,60,0,0,0,0,0,0,0,0,27,6,0,4,0,15,22,68.2,114,18,42,1,2,254,114,6,9,9,11,0,1,19,3,0,0,3,0,1,0,0,0,0,3,12,4,3,0,0,0,0,0,0,6,2,33.3,1,9,10,9,0,24,1,1,0,0,0,0,0,2,0
265,Fabian Delph,Everton,8,eng ENG,WB,31-007,30,0,0,0,0,0,0,0,0,18,6,1,3,1,10,12,83.3,75,13,84,2,2,113,75,8,8,2,3,0,1,10,2,0,0,1,0,0,0,0,0,0,6,3,1,2,0,1,0,1,0,0,6,3,50,0,9,11,3,0,16,0,1,0,0,0,0,0,0,
265,Mason Holgate,Everton,4,eng ENG,CB,24-037,81,0,0,0,0,1,1,0,0,46,5,0,3,5,32,35,91.4,308,24,148,0,0,844,308,5,5,19,20,8,9,31,4,4,0,2,1,0,0,0,0,0,6,25,4,0,0,0,0,0,0,0,5,1,20,14,28,18,4,1,43,0,4,0,0,0,0,0,0,
265,Bernard,Everton,20,br BRA,CB,28-081,9,0,0,0,0,0,0,0,0,6,1,0,0,0,4,4,100,29,6,19,0,1,81,29,2,2,2,2,0,0,4,0,0,0,1,0,0,0,0,0,0,0,4,0,0,0,0,0,0,0,0,1,1,100,0,0,2,4,0,6,0,0,0,0,0,0,0,0,
265,Michael Keane,Everton,5,eng ENG,CB,27-322,90,0,0,0,0,1,0,0,0,44,5,0,0,4,24,34,70.6,343,24,89,0,0,596,343,7,8,9,14,8,12,33,1,1,1,3,0,0,0,0,0,0,8,23,1,0,0,0,0,0,0,0,5,0,0,10,30,16,1,1,43,1,0,0,0,0,0,3,0,100
265,Ben Godfrey,Everton,22,eng ENG,CB,22-318,90,0,0,0,0,0,0,0,0,47,3,3,2,7,27,33,81.8,142,20,146,0,0,474,142,11,12,11,12,4,6,31,2,1,0,4,0,0,0,0,0,0,3,24,4,1,0,3,1,1,1,1,3,0,0,8,21,26,6,1,45,0,0,1,0,0,0,1,1,50
265,Jordan Pickford,Everton,1,eng ENG,GK,26-266,90,0,0,0,0,0,0,0,0,49,1,0,0,0,31,44,70.5,962,23,56,0,0,1218,962,5,5,9,9,17,30,28,16,9,0,3,0,0,0,0,0,0,30,4,0,0,6,0,0,0,0,0,1,0,0,38,49,0,0,0,33,0,0,0,0,0,0,0,0,
265,Patrick Bamford,Leeds United,9,eng ENG,FW,27-084,89,0,0,0,0,6,1,0,0,22,12,0,0,0,9,11,81.8,0,7,2,0,0,120,0,5,7,1,1,1,1,10,1,0,0,3,0,0,0,0,0,0,7,1,0,0,3,0,0,0,0,0,12,4,33.3,1,2,8,12,5,21,2,1,1,0,0,0,0,2,0
265,Rodrigo,Leeds United,20,es ESP,FW,29-267,1,0,0,0,0,0,0,0,0,1,0,0,0,0,0,0,,0,0,0,0,0,0,0,0,0,0,0,0,0,0,0,0,0,0,0,0,0,0,0,0,0,0,0,0,0,0,0,0,0,0,0,0,,0,0,0,1,1,1,0,0,0,0,0,0,0,1,0
265,Jack Harrison,Leeds United,22,eng ENG,AM,24-008,88,0,1,0,0,4,1,0,0,59,17,1,2,0,31,46,67.4,177,40,58,3,5,451,177,18,24,12,14,1,6,45,1,1,0,13,1,2,0,0,0,0,26,15,2,0,0,1,1,1,0,0,17,4,23.5,1,6,17,36,7,59,0,1,1,0,0,0,4,0,100
265,Hélder Costa,Leeds United,17,pt POR,AM,26-321,2,0,0,0,0,1,1,0,0,5,0,0,0,0,2,2,100,16,4,26,0,0,22,16,2,2,0,0,0,0,1,1,0,0,0,0,0,0,0,0,0,1,0,0,1,0,0,0,0,0,0,0,0,,0,0,0,5,2,4,0,0,0,0,0,0,0,0,
265,Ezgjan Alioski,Leeds United,10,mk MKD,LM,28-290,90,0,0,0,0,0,0,0,0,71,12,2,3,3,50,61,82,267,45,128,0,0,793,267,25,31,23,25,2,2,61,0,0,0,10,0,2,0,0,0,0,47,8,4,0,0,2,0,0,1,1,12,3,25,2,12,35,27,3,71,1,1,2,0,0,0,2,1,66.7
265,Kalvin Phillips,Leeds United,23,eng ENG,CM,24-362,90,0,0,0,0,2,1,0,0,91,18,3,4,2,74,79,93.7,447,58,174,1,2,2038,447,15,16,29,31,27,29,79,0,0,0,11,13,0,0,0,0,0,8,66,4,0,0,3,2,2,1,0,18,6,33.3,0,19,58,16,1,91,2,1,0,0,0,0,1,0,100
265,Mateusz Klich,Leeds United,43,pl POL,CM,30-168,90,0,0,0,0,4,0,0,0,86,27,2,1,4,55,73,75.3,328,50,132,0,0,1003,328,22,27,25,31,6,10,69,4,2,0,13,2,0,2,0,2,0,4,66,2,0,0,2,2,1,1,0,27,5,18.5,1,12,45,33,4,82,4,1,0,0,0,0,1,1,50
265,Raphael Dias Belloli,Leeds United,18,br BRA,RM,23-350,84,1,0,0,0,4,2,0,0,45,9,1,2,1,21,31,67.7,128,29,176,1,2,344,128,10,11,10,15,1,3,30,1,0,0,1,2,1,0,0,0,0,25,4,1,1,0,1,0,0,1,0,9,2,22.2,0,3,23,21,5,44,0,0,2,0,0,0,1,2,33.3
265,Ian Carlo Poveda,Leeds United,7,eng ENG,RM,20-293,6,0,0,0,0,0,0,0,0,3,1,0,0,0,2,3,66.7,3,4,24,1,1,32,3,1,2,1,1,0,0,3,0,0,0,1,0,1,0,0,0,0,2,1,0,0,0,0,0,0,0,0,1,1,100,0,0,0,3,2,3,0,0,0,0,0,0,0,0,
265,Stuart Dallas,Leeds United,15,nir NIR,LB,29-223,90,0,0,0,0,0,0,0,0,88,12,1,2,2,69,77,89.6,467,54,281,0,2,1297,467,34,36,25,28,10,11,66,11,2,0,5,2,2,0,0,0,0,13,53,2,9,0,1,1,0,1,0,12,5,41.7,3,26,48,23,1,78,2,1,0,0,0,0,0,0,
265,Liam Cooper,Leeds United,6,sco SCO,CB,29-090,90,0,0,0,0,0,0,1,0,52,11,3,0,0,36,39,92.3,253,31,77,0,0,892,253,5,5,22,23,9,11,39,0,0,0,2,2,0,0,0,0,0,32,5,1,0,0,3,3,1,2,0,11,5,45.5,8,29,26,1,1,52,1,1,0,0,0,0,3,6,33.3
265,Robin Koch,Leeds United,5,de GER,CB,24-134,90,0,0,0,0,0,0,0,0,55,10,2,0,0,42,49,85.7,278,33,117,0,0,867,278,9,11,27,30,6,8,49,0,0,0,3,1,0,0,0,0,0,5,39,3,0,0,2,2,1,1,0,10,5,50,13,34,22,0,0,55,1,0,0,0,0,0,2,4,33.3
265,Luke Ayling,Leeds United,2,eng ENG,RB,29-095,90,0,0,0,0,1,0,1,0,94,11,2,0,2,66,85,77.6,526,52,196,1,1,1132,526,26,32,32,35,7,15,71,14,1,0,6,1,3,0,0,0,0,4,61,4,13,2,2,1,0,1,1,11,3,27.3,5,33,38,31,7,81,1,1,0,0,0,0,1,0,100
265,Illan Meslier,Leeds United,1,fr FRA,GK,20-271,90,0,0,0,0,0,0,0,0,41,0,0,0,0,34,37,91.9,508,12,39,0,0,900,508,11,11,12,13,11,13,25,12,4,0,2,0,0,0,0,0,0,13,11,0,0,13,0,0,0,0,0,0,0,,38,40,1,0,0,29,0,0,0,0,0,0,0,0,
266,Olivier Giroud,Chelsea,18,fr FRA,FW,34-066,78,1,0,0,0,6,1,0,0,39,18,1,1,1,20,26,76.9,20,27,11,0,0,232,20,13,16,4,4,0,0,26,0,0,0,5,0,0,0,0,0,0,16,5,1,0,3,1,1,0,0,1,18,5,27.8,2,3,17,20,5,39,3,0,0,0,0,0,3,5,37.5
266,Tammy Abraham,Chelsea,9,eng ENG,FW,23-064,12,0,0,0,0,1,0,0,0,9,2,0,0,0,5,5,100,16,5,4,0,2,53,16,3,3,1,1,0,0,5,0,0,0,1,0,0,0,0,0,0,0,4,1,0,0,0,0,0,0,0,2,2,100,0,2,4,4,1,9,0,1,0,0,0,0,0,1,0
266,Timo Werner,Chelsea,11,de GER,"LW,RW",24-274,90,0,1,0,0,6,4,0,0,45,14,4,0,1,24,30,80,120,37,240,0,3,406,120,7,9,11,13,3,3,28,2,0,0,7,0,2,0,0,0,0,4,23,1,2,0,4,3,2,1,1,14,6,42.9,1,9,18,24,7,43,0,0,1,0,0,0,0,1,0
266,Hakim Ziyech,Chelsea,22,ma MAR,RW,27-261,29,0,0,0,0,1,1,0,0,16,4,1,1,0,8,12,66.7,80,17,55,2,2,143,80,3,4,4,4,1,2,12,0,0,0,1,0,0,0,0,0,0,8,4,0,0,0,1,0,0,1,0,4,0,0,0,2,8,6,2,16,0,1,0,0,0,0,0,0,
266,Christian Pulisic,Chelsea,10,us USA,"LW,RW",22-078,61,1,0,0,0,4,1,0,0,37,8,3,1,0,19,23,82.6,81,34,166,3,8,273,81,11,12,7,9,0,0,22,1,0,0,4,0,0,0,0,0,0,0,21,1,1,0,3,2,1,2,0,8,2,25,0,5,18,16,7,36,1,2,0,0,0,0,0,1,0
266,Mason Mount,Chelsea,19,eng ENG,CM,21-330,90,0,1,0,0,2,1,0,0,57,17,3,3,1,33,47,70.2,304,35,204,1,3,616,304,15,18,9,13,7,11,36,11,0,0,3,2,2,8,1,6,1,7,35,4,1,0,3,2,1,2,0,17,3,17.6,1,3,26,35,3,46,2,0,0,0,0,0,0,0,
266,Kai Havertz,Chelsea,29,de GER,CM,21-177,66,0,0,0,0,1,0,0,0,46,6,1,1,1,29,36,80.6,68,34,106,1,1,476,68,17,19,7,9,4,5,34,2,1,0,2,2,0,0,0,0,0,25,8,2,1,0,1,0,0,1,0,6,2,33.3,1,9,27,16,2,45,2,3,0,0,0,0,0,1,0
266,Mateo Kovačić,Chelsea,17,hr CRO,CM,26-213,24,0,0,0,0,0,0,0,0,8,5,0,0,0,4,6,66.7,52,8,75,1,1,83,52,2,4,1,1,1,1,6,0,0,1,1,0,0,0,0,0,0,0,5,0,0,0,0,0,0,0,0,5,2,40,1,3,2,5,0,8,0,1,0,0,0,0,1,0,100
266,N'Golo Kanté,Chelsea,7,fr FRA,DM,29-251,90,0,0,0,0,0,0,0,0,55,21,4,7,2,37,45,82.2,135,33,117,1,2,554,135,15,17,17,19,2,5,44,1,1,0,6,0,0,0,0,0,0,9,31,5,0,0,4,3,0,4,0,21,7,33.3,1,12,36,11,0,54,3,0,0,0,0,0,0,0,
266,Ben Chilwell,Chelsea,21,eng ENG,LB,23-350,90,0,0,0,0,1,1,0,0,69,14,4,1,4,34,55,61.8,273,38,98,1,2,547,273,17,21,11,20,4,9,45,10,1,0,6,0,3,0,0,0,0,34,6,4,9,0,4,1,2,1,1,14,7,50,0,13,32,25,4,59,0,1,0,0,0,0,3,0,100
266,Thiago Silva,Chelsea,6,br BRA,CB,36-074,90,0,0,0,0,0,0,0,0,66,1,0,3,4,48,54,88.9,438,44,303,1,1,1091,438,8,11,31,33,9,10,52,2,2,1,5,0,0,0,0,0,0,11,39,2,0,0,0,0,0,0,0,1,1,100,9,30,39,5,0,64,0,0,0,0,0,0,3,0,100
266,Kurt Zouma,Chelsea,15,fr FRA,CB,26-039,90,1,0,0,0,2,1,0,0,52,2,0,2,1,38,41,92.7,316,36,150,0,0,868,316,11,11,18,18,9,12,39,2,2,0,2,2,0,0,0,0,0,5,32,4,0,0,0,0,0,0,0,2,0,0,9,28,24,2,2,50,0,0,0,0,0,0,1,3,25
266,Reece James,Chelsea,24,eng ENG,RB,20-363,90,0,1,0,0,1,0,0,0,58,12,4,5,1,34,49,69.4,229,28,15,0,1,711,229,12,16,16,20,6,10,34,15,4,0,9,1,3,0,0,0,0,6,29,2,11,0,4,2,3,1,0,12,5,41.7,4,26,18,15,2,43,1,0,0,0,0,0,2,0,100
266,Edouard Mendy,Chelsea,16,sn SEN,GK,28-279,90,0,0,0,0,0,0,0,0,29,1,0,0,0,17,29,58.6,324,19,52,0,0,472,324,4,4,8,8,5,17,21,8,2,0,1,0,0,0,0,0,0,1,24,0,0,2,0,0,0,0,0,1,0,0,25,29,0,0,0,21,0,0,0,0,0,0,0,0,
266,Patrick Bamford,Leeds United,9,eng ENG,FW,27-091,90,1,0,0,0,4,2,0,0,20,12,3,0,0,9,11,81.8,4,8,6,1,1,69,4,6,8,1,1,0,0,7,4,0,0,1,0,0,0,0,0,0,10,0,0,0,1,3,2,0,2,1,12,2,16.7,1,3,9,8,4,16,0,0,1,0,0,0,0,4,0
266,Mateusz Klich,Leeds United,43,pl POL,"AM,CM",30-175,90,0,0,0,0,0,0,0,0,59,11,2,1,2,39,47,83,173,36,137,1,2,693,173,18,21,16,18,5,7,42,5,1,0,3,2,1,4,0,3,1,2,41,3,0,1,2,1,0,2,0,11,2,18.2,2,10,24,29,1,54,1,2,0,0,0,0,1,1,50
266,Jack Harrison,Leeds United,22,eng ENG,LM,24-015,56,0,0,0,0,1,0,0,0,32,16,2,0,0,17,21,81,102,26,60,2,2,290,102,9,9,7,9,1,3,21,0,0,0,3,1,3,0,0,0,0,18,3,0,0,0,2,0,2,0,0,16,3,18.8,0,6,16,12,1,32,0,0,0,0,0,0,0,1,0
266,Ian Carlo Poveda,Leeds United,7,eng ENG,"RM,LM",20-300,34,0,0,0,0,1,1,0,0,18,4,0,0,1,4,8,50,13,13,24,1,2,51,13,3,6,1,2,0,0,8,0,0,0,2,0,1,0,0,0,0,6,1,1,0,0,0,0,0,0,0,4,0,0,1,4,6,8,3,18,0,1,1,0,0,0,0,1,0
266,Kalvin Phillips,Leeds United,23,eng ENG,CM,25-003,90,0,1,0,0,0,0,0,0,69,21,5,1,4,45,56,80.4,211,35,37,1,1,1105,211,11,11,19,20,14,20,52,4,4,1,0,8,1,0,0,0,0,6,46,3,0,1,5,2,3,1,1,21,8,38.1,6,22,40,10,0,66,1,3,0,0,0,0,0,1,0
266,Stuart Dallas,Leeds United,15,nir NIR,"CM,LB",29-230,90,0,0,0,0,1,0,0,0,54,14,4,1,1,35,45,77.8,225,30,80,0,0,647,225,14,20,17,20,4,4,41,4,0,0,9,1,0,0,0,0,0,9,27,3,4,0,4,2,1,3,0,14,6,42.9,2,12,29,18,2,50,0,1,0,0,0,0,2,0,100
266,Raphael Dias Belloli,Leeds United,18,br BRA,"RM,LM",23-357,90,0,0,0,0,2,0,1,0,39,12,2,1,3,17,25,68,102,26,115,4,7,261,102,11,12,5,9,1,3,25,0,0,0,2,0,4,0,0,0,0,23,2,0,0,0,2,1,0,1,1,12,4,33.3,1,5,19,16,4,39,1,0,1,0,0,0,0,2,0
266,Ezgjan Alioski,Leeds United,10,mk MKD,LB,28-297,68,0,0,0,0,0,0,0,0,44,11,2,1,3,28,37,75.7,178,20,72,0,0,429,178,15,17,11,13,2,5,33,4,1,0,2,1,1,0,0,0,0,25,4,5,3,0,2,1,1,1,0,11,2,18.2,2,11,30,12,0,41,4,1,0,0,0,0,0,0,
266,Rodrigo,Leeds United,20,es ESP,AM,29-274,22,0,0,0,0,1,0,0,0,18,1,0,1,0,12,16,75,31,12,37,1,2,187,31,9,11,1,1,1,1,16,0,0,0,0,1,0,0,0,0,0,9,5,1,0,1,0,0,0,0,0,1,0,0,0,2,8,10,3,18,0,0,0,0,0,0,1,0,100
266,Liam Cooper,Leeds United,6,sco SCO,CB,29-097,90,0,0,0,0,0,0,0,0,95,8,2,3,4,72,83,86.7,469,55,226,0,0,1776,469,12,12,41,45,19,26,81,2,2,0,3,1,0,0,0,0,0,71,4,6,0,0,2,1,2,0,0,8,3,37.5,12,59,40,1,0,93,0,0,0,0,0,0,3,2,60
266,Robin Koch,Leeds United,5,de GER,CB,24-141,8,0,0,0,0,0,0,0,0,6,1,0,0,0,4,4,100,12,3,13,0,0,70,12,2,2,2,2,0,0,4,0,0,0,0,0,0,0,0,0,0,0,4,0,0,0,0,0,0,0,0,1,0,0,3,4,2,0,0,6,0,1,0,0,0,0,0,0,
266,Diego Llorente,Leeds United,14,es ESP,CB,27-111,82,0,0,0,0,0,0,1,0,92,12,5,2,2,61,79,77.2,260,60,358,1,1,1380,260,6,8,47,55,7,14,78,1,1,0,3,3,0,0,0,0,0,13,60,3,0,1,5,4,1,4,0,12,9,75,12,56,42,2,0,91,1,0,0,0,0,0,4,0,100
266,Luke Ayling,Leeds United,2,eng ENG,RB,29-102,90,0,0,0,0,0,0,0,0,73,8,2,3,3,47,64,73.4,339,37,139,0,0,844,339,21,24,20,25,6,12,47,17,3,0,3,1,2,0,0,0,0,5,41,4,14,0,2,1,1,1,0,8,2,25,4,26,41,7,0,58,1,3,1,0,0,0,1,1,50
266,Illan Meslier,Leeds United,1,fr FRA,GK,20-278,90,0,0,0,0,0,0,0,0,42,0,0,0,0,34,36,94.4,359,23,54,0,0,800,359,9,9,17,18,8,9,27,9,2,0,2,1,0,0,0,0,0,21,7,0,0,8,0,0,0,0,0,0,0,,39,42,0,0,0,33,0,0,0,0,0,0,0,0,
